标签名,标签名 (原始),中文翻译,完整显示,分类,子分类,使用次数,热度
1girl,1girl,1 个女孩,1girl (1 个女孩),一般标签,其他,7615480,🔥🔥🔥
solo,solo,单人,solo (单人),一般标签,其他,6364875,🔥🔥🔥
long hair,long_hair,长发,long hair (长发),一般标签,角色特征,5603130,🔥🔥🔥
breasts,breasts,胸部,breasts (胸部),一般标签,角色特征,4467807,🔥🔥🔥
looking at viewer,looking_at_viewer,看向观众,looking at viewer (看向观众),一般标签,构图,4392282,🔥🔥🔥
smile,smile,微笑,smile (微笑),一般标签,表情,3752375,🔥🔥🔥
blush,blush,脸红,blush (脸红),一般标签,表情,3718016,🔥🔥🔥
open mouth,open_mouth,张嘴,open mouth (张嘴),一般标签,其他,3115270,🔥🔥🔥
short hair,short_hair,短发,short hair (短发),一般标签,角色特征,2858929,🔥🔥🔥
shirt,shirt,衬衫,shirt (衬衫),一般标签,服饰,2572511,🔥🔥🔥
simple background,simple_background,简单背景,simple background (简单背景),一般标签,场景,2509611,🔥🔥🔥
blue eyes,blue_eyes,蓝眼睛,blue eyes (蓝眼睛),一般标签,角色特征,2244419,🔥🔥🔥
long sleeves,long_sleeves,long sleeves,long sleeves (long sleeves),一般标签,其他,2109423,🔥🔥🔥
white background,white_background,白色背景,white background (白色背景),一般标签,场景,2067477,🔥🔥🔥
large breasts,large_breasts,大胸部,large breasts (大胸部),一般标签,角色特征,2035568,🔥🔥🔥
black hair,black_hair,黑发,black hair (黑发),一般标签,角色特征,1981766,🔥🔥🔥
skirt,skirt,裙子,skirt (裙子),一般标签,服饰,1977016,🔥🔥🔥
blonde hair,blonde_hair,金发,blonde hair (金发),一般标签,角色特征,1974248,🔥🔥🔥
holding,holding,手持,holding (手持),一般标签,其他,1954954,🔥🔥🔥
multiple girls,multiple_girls,多个女孩,multiple girls (多个女孩),一般标签,其他,1921119,🔥🔥🔥
brown hair,brown_hair,棕发,brown hair (棕发),一般标签,角色特征,1905203,🔥🔥🔥
1boy,1boy,1 个男孩,1boy (1 个男孩),一般标签,其他,1905033,🔥🔥🔥
hair ornament,hair_ornament,发饰,hair ornament (发饰),一般标签,角色特征,1854331,🔥🔥🔥
gloves,gloves,手套,gloves (手套),一般标签,其他,1755765,🔥🔥🔥
dress,dress,连衣裙,dress (连衣裙),一般标签,服饰,1738037,🔥🔥🔥
closed mouth,closed_mouth,闭嘴,closed mouth (闭嘴),一般标签,其他,1707105,🔥🔥🔥
red eyes,red_eyes,红眼睛,red eyes (红眼睛),一般标签,角色特征,1616763,🔥🔥🔥
hair between eyes,hair_between_eyes,刘海过眼,hair between eyes (刘海过眼),一般标签,角色特征,1584983,🔥🔥🔥
animal ears,animal_ears,兽耳,animal ears (兽耳),一般标签,角色特征,1559316,🔥🔥🔥
hat,hat,帽子,hat (帽子),一般标签,服饰,1549871,🔥🔥🔥
bow,bow,蝴蝶结,bow (蝴蝶结),一般标签,其他,1539789,🔥🔥🔥
navel,navel,肚脐,navel (肚脐),一般标签,其他,1455104,🔥🔥🔥
original,original,原创,original (原创),角色,其他,1446514,🔥🔥🔥
jewelry,jewelry,珠宝,jewelry (珠宝),一般标签,物品,1433531,🔥🔥🔥
thighhighs,thighhighs,过膝袜,thighhighs (过膝袜),一般标签,其他,1417793,🔥🔥🔥
ribbon,ribbon,丝带,ribbon (丝带),一般标签,其他,1342426,🔥🔥🔥
jacket,jacket,夹克,jacket (夹克),一般标签,服饰,1319249,🔥🔥🔥
2girls,2girls,2 个女孩,2girls (2 个女孩),一般标签,其他,1299502,🔥🔥🔥
cleavage,cleavage,乳沟,cleavage (乳沟),一般标签,其他,1281990,🔥🔥🔥
very long hair,very_long_hair,超长发,very long hair (超长发),一般标签,角色特征,1270636,🔥🔥🔥
bare shoulders,bare_shoulders,露肩,bare shoulders (露肩),一般标签,其他,1247982,🔥🔥🔥
white shirt,white_shirt,白衬衫,white shirt (白衬衫),一般标签,服饰,1231772,🔥🔥🔥
standing,standing,站立,standing (站立),一般标签,动作,1199721,🔥🔥🔥
sitting,sitting,坐着,sitting (坐着),一般标签,动作,1196550,🔥🔥🔥
full body,full_body,全身,full body (全身),一般标签,角色特征,1133580,🔥🔥🔥
twintails,twintails,双马尾,twintails (双马尾),一般标签,角色特征,1129833,🔥🔥🔥
medium breasts,medium_breasts,medium 胸部,medium breasts (medium 胸部),一般标签,角色特征,1105387,🔥🔥🔥
blue hair,blue_hair,蓝发,blue hair (蓝发),一般标签,角色特征,1092390,🔥🔥🔥
green eyes,green_eyes,绿眼睛,green eyes (绿眼睛),一般标签,角色特征,1082652,🔥🔥🔥
purple eyes,purple_eyes,紫眼睛,purple eyes (紫眼睛),一般标签,角色特征,1069723,🔥🔥🔥
upper body,upper_body,上半身,upper body (上半身),一般标签,角色特征,1057606,🔥🔥🔥
tail,tail,尾巴,tail (尾巴),一般标签,角色特征,1056544,🔥🔥🔥
nipples,nipples,nipples,nipples (nipples),一般标签,其他,1036845,🔥🔥🔥
touhou,touhou,touhou,touhou (touhou),角色,其他,1027846,🔥🔥🔥
multicolored hair,multicolored_hair,multicolored hair,multicolored hair (multicolored hair),一般标签,角色特征,1024552,🔥🔥🔥
brown eyes,brown_eyes,棕眼睛,brown eyes (棕眼睛),一般标签,角色特征,1012384,🔥🔥🔥
male focus,male_focus,male focus,male focus (male focus),一般标签,其他,1009648,🔥🔥🔥
collarbone,collarbone,锁骨,collarbone (锁骨),一般标签,其他,1006649,🔥🔥🔥
school uniform,school_uniform,校服,school uniform (校服),一般标签,场景,972792,🔥🔥🔥
underwear,underwear,underwear,underwear (underwear),一般标签,角色特征,947818,🔥🔥🔥
closed eyes,closed_eyes,闭眼,closed eyes (闭眼),一般标签,角色特征,946812,🔥🔥🔥
white hair,white_hair,白发,white hair (白发),一般标签,角色特征,937526,🔥🔥🔥
pink hair,pink_hair,粉发,pink hair (粉发),一般标签,角色特征,936784,🔥🔥🔥
grey hair,grey_hair,灰发,grey hair (灰发),一般标签,角色特征,922385,🔥🔥🔥
yellow eyes,yellow_eyes,黄眼睛,yellow eyes (黄眼睛),一般标签,角色特征,918540,🔥🔥🔥
ponytail,ponytail,马尾,ponytail (马尾),一般标签,角色特征,880702,🔥🔥🔥
ahoge,ahoge,呆毛,ahoge (呆毛),一般标签,其他,861750,🔥🔥🔥
sidelocks,sidelocks,sidelocks,sidelocks (sidelocks),一般标签,其他,834807,🔥🔥🔥
purple hair,purple_hair,紫发,purple hair (紫发),一般标签,角色特征,834061,🔥🔥🔥
braid,braid,braid,braid (braid),一般标签,其他,828805,🔥🔥🔥
swimsuit,swimsuit,泳装,swimsuit (泳装),一般标签,服饰,823672,🔥🔥🔥
short sleeves,short_sleeves,矮 sleeves,short sleeves (矮 sleeves),一般标签,其他,818134,🔥🔥🔥
flower,flower,花,flower (花),一般标签,物品,801878,🔥🔥🔥
heart,heart,心形,heart (心形),一般标签,画风,795035,🔥🔥🔥
monochrome,monochrome,单色,monochrome (单色),一般标签,其他,778392,🔥🔥🔥
panties,panties,panties,panties (panties),一般标签,其他,766945,🔥🔥🔥
earrings,earrings,耳环,earrings (耳环),一般标签,角色特征,765193,🔥🔥🔥
cowboy shot,cowboy_shot,cowboy shot,cowboy shot (cowboy shot),一般标签,其他,760354,🔥🔥🔥
shoes,shoes,鞋子,shoes (鞋子),一般标签,服饰,758921,🔥🔥🔥
thighs,thighs,大腿,thighs (大腿),一般标签,其他,745001,🔥🔥🔥
weapon,weapon,武器,weapon (武器),一般标签,物品,744718,🔥🔥🔥
hair ribbon,hair_ribbon,hair 丝带,hair ribbon (hair 丝带),一般标签,角色特征,736648,🔥🔥🔥
ass,ass,ass,ass (ass),一般标签,其他,727688,🔥🔥🔥
outdoors,outdoors,户外,outdoors (户外),一般标签,场景,713579,🔥🔥🔥
hetero,hetero,hetero,hetero (hetero),一般标签,其他,709286,🔥🔥🔥
:d,:d,:d,:d (:d),一般标签,其他,702726,🔥🔥🔥
sweat,sweat,sweat,sweat (sweat),一般标签,其他,688328,🔥🔥🔥
teeth,teeth,teeth,teeth (teeth),一般标签,其他,687899,🔥🔥🔥
frills,frills,frills,frills (frills),一般标签,其他,680415,🔥🔥🔥
hair bow,hair_bow,hair 蝴蝶结,hair bow (hair 蝴蝶结),一般标签,角色特征,679436,🔥🔥🔥
open clothes,open_clothes,open clothes,open clothes (open clothes),一般标签,服饰,679155,🔥🔥🔥
pantyhose,pantyhose,pantyhose,pantyhose (pantyhose),一般标签,其他,678928,🔥🔥🔥
red hair,red_hair,红发,red hair (红发),一般标签,角色特征,670266,🔥🔥🔥
parted lips,parted_lips,parted lips,parted lips (parted lips),一般标签,画风,669018,🔥🔥🔥
comic,comic,comic,comic (comic),一般标签,其他,664994,🔥🔥🔥
collared shirt,collared_shirt,collared 衬衫,collared shirt (collared 衬衫),一般标签,服饰,662536,🔥🔥🔥
pleated skirt,pleated_skirt,pleated 裙子,pleated skirt (pleated 裙子),一般标签,服饰,648208,🔥🔥🔥
small breasts,small_breasts,小胸部,small breasts (小胸部),一般标签,角色特征,642212,🔥🔥🔥
boots,boots,靴子,boots (靴子),一般标签,服饰,640775,🔥🔥🔥
greyscale,greyscale,greyscale,greyscale (greyscale),一般标签,其他,628420,🔥🔥🔥
multiple boys,multiple_boys,多个男孩,multiple boys (多个男孩),一般标签,其他,627517,🔥🔥🔥
bikini,bikini,比基尼,bikini (比基尼),一般标签,其他,627393,🔥🔥🔥
nude,nude,nude,nude (nude),一般标签,其他,626929,🔥🔥🔥
hairband,hairband,hairband,hairband (hairband),一般标签,角色特征,626216,🔥🔥🔥
pants,pants,长裤,pants (长裤),一般标签,服饰,620352,🔥🔥🔥
horns,horns,horns,horns (horns),一般标签,角色特征,616007,🔥🔥🔥
black gloves,black_gloves,black 手套,black gloves (black 手套),一般标签,其他,604161,🔥🔥🔥
censored,censored,censored,censored (censored),一般标签,其他,592563,🔥🔥🔥
necktie,necktie,necktie,necktie (necktie),一般标签,其他,591330,🔥🔥🔥
shorts,shorts,短裤,shorts (短裤),一般标签,其他,591032,🔥🔥🔥
alternate costume,alternate_costume,alternate costume,alternate costume (alternate costume),一般标签,其他,582930,🔥🔥🔥
virtual youtuber,virtual_youtuber,virtual youtuber,virtual youtuber (virtual youtuber),一般标签,其他,569257,🔥🔥🔥
sleeveless,sleeveless,sleeveless,sleeveless (sleeveless),一般标签,其他,568135,🔥🔥🔥
lying,lying,躺着,lying (躺着),一般标签,动作,567408,🔥🔥🔥
food,food,食物,food (食物),一般标签,物品,566893,🔥🔥🔥
wings,wings,wings,wings (wings),一般标签,角色特征,562453,🔥🔥🔥
sky,sky,天空,sky (天空),一般标签,场景,560905,🔥🔥🔥
one eye closed,one_eye_closed,one eye closed,one eye closed (one eye closed),一般标签,角色特征,559193,🔥🔥🔥
medium hair,medium_hair,medium hair,medium hair (medium hair),一般标签,角色特征,553250,🔥🔥🔥
choker,choker,choker,choker (choker),一般标签,其他,552687,🔥🔥🔥
artist name,artist_name,艺术家 name,artist name (艺术家 name),一般标签,画风,537921,🔥🔥🔥
green hair,green_hair,绿发,green hair (绿发),一般标签,角色特征,536993,🔥🔥🔥
penis,penis,penis,penis (penis),一般标签,其他,534155,🔥🔥🔥
detached sleeves,detached_sleeves,detached sleeves,detached sleeves (detached sleeves),一般标签,其他,533421,🔥🔥🔥
pointy ears,pointy_ears,pointy ears,pointy ears (pointy ears),一般标签,角色特征,529820,🔥🔥🔥
kantai collection,kantai_collection,kantai collection,kantai collection (kantai collection),角色,其他,529082,🔥🔥🔥
socks,socks,袜子,socks (袜子),一般标签,其他,522328,🔥🔥🔥
tongue,tongue,tongue,tongue (tongue),一般标签,其他,501532,🔥🔥🔥
indoors,indoors,室内,indoors (室内),一般标签,场景,494652,🔥🔥🔥
hand up,hand_up,hand up,hand up (hand up),一般标签,其他,493625,🔥🔥🔥
official alternate costume,official_alternate_costume,official alternate costume,official alternate costume (official alternate costume),一般标签,其他,490020,🔥🔥🔥
japanese clothes,japanese_clothes,japanese clothes,japanese clothes (japanese clothes),一般标签,服饰,489703,🔥🔥🔥
puffy sleeves,puffy_sleeves,puffy sleeves,puffy sleeves (puffy sleeves),一般标签,其他,471210,🔥🔥🔥
black thighhighs,black_thighhighs,black 过膝袜,black thighhighs (black 过膝袜),一般标签,其他,466268,🔥🔥🔥
pussy,pussy,pussy,pussy (pussy),一般标签,其他,465925,🔥🔥🔥
barefoot,barefoot,barefoot,barefoot (barefoot),一般标签,其他,461300,🔥🔥🔥
glasses,glasses,眼镜,glasses (眼镜),一般标签,服饰,460263,🔥🔥🔥
belt,belt,belt,belt (belt),一般标签,其他,459314,🔥🔥🔥
solo focus,solo_focus,单人 focus,solo focus (单人 focus),一般标签,其他,456427,🔥🔥🔥
bowtie,bowtie,bowtie,bowtie (bowtie),一般标签,其他,428038,🔥🔥🔥
hairclip,hairclip,hairclip,hairclip (hairclip),一般标签,角色特征,424515,🔥🔥🔥
speech bubble,speech_bubble,speech 泡泡,speech bubble (speech 泡泡),一般标签,其他,423570,🔥🔥🔥
day,day,白天,day (白天),一般标签,场景,419401,🔥🔥🔥
2boys,2boys,2 个男孩,2boys (2 个男孩),一般标签,其他,418717,🔥🔥🔥
fang,fang,fang,fang (fang),一般标签,其他,412434,🔥🔥🔥
halo,halo,halo,halo (halo),一般标签,其他,412265,🔥🔥🔥
black skirt,black_skirt,black 裙子,black skirt (black 裙子),一般标签,服饰,412117,🔥🔥🔥
hood,hood,兜帽,hood (兜帽),一般标签,其他,397424,🔥🔥🔥
white gloves,white_gloves,white 手套,white gloves (white 手套),一般标签,其他,394907,🔥🔥🔥
signature,signature,signature,signature (signature),一般标签,场景,393956,🔥🔥🔥
white dress,white_dress,white 连衣裙,white dress (white 连衣裙),一般标签,服饰,392229,🔥🔥🔥
blunt bangs,blunt_bangs,blunt 刘海,blunt bangs (blunt 刘海),一般标签,其他,390017,🔥🔥🔥
blue archive,blue_archive,blue archive,blue archive (blue archive),角色,其他,386656,🔥🔥🔥
fate (series),fate_(series),fate (series),fate (series) (fate (series)),角色,其他,385744,🔥🔥🔥
looking at another,looking_at_another,looking at another,looking at another (looking at another),一般标签,其他,383410,🔥🔥🔥
twitter username,twitter_username,twitter username,twitter username (twitter username),一般标签,其他,383080,🔥🔥🔥
pink eyes,pink_eyes,粉眼睛,pink eyes (粉眼睛),一般标签,角色特征,378599,🔥🔥🔥
elbow gloves,elbow_gloves,elbow 手套,elbow gloves (elbow 手套),一般标签,其他,377950,🔥🔥🔥
tongue out,tongue_out,吐舌,tongue out (吐舌),一般标签,其他,375975,🔥🔥🔥
cat ears,cat_ears,猫耳,cat ears (猫耳),一般标签,角色特征,370741,🔥🔥🔥
streaked hair,streaked_hair,streaked hair,streaked hair (streaked hair),一般标签,角色特征,370101,🔥🔥🔥
midriff,midriff,midriff,midriff (midriff),一般标签,其他,369870,🔥🔥🔥
holding weapon,holding_weapon,手持 武器,holding weapon (手持 武器),一般标签,物品,369657,🔥🔥🔥
stomach,stomach,stomach,stomach (stomach),一般标签,其他,369037,🔥🔥🔥
dark skin,dark_skin,黑暗 skin,dark skin (黑暗 skin),一般标签,角色特征,368463,🔥🔥🔥
sailor collar,sailor_collar,sailor collar,sailor collar (sailor collar),一般标签,其他,367984,🔥🔥🔥
serafuku,serafuku,serafuku,serafuku (serafuku),一般标签,其他,367738,🔥🔥🔥
pokemon,pokemon,pokemon,pokemon (pokemon),角色,其他,366577,🔥🔥🔥
cloud,cloud,云,cloud (云),一般标签,其他,363412,🔥🔥🔥
hair flower,hair_flower,hair 花,hair flower (hair 花),一般标签,角色特征,361575,🔥🔥🔥
two-tone hair,two-tone_hair,two-tone hair,two-tone hair (two-tone hair),一般标签,角色特征,353859,🔥🔥🔥
english text,english_text,english text,english text (english text),一般标签,其他,352677,🔥🔥🔥
sex,sex,sex,sex (sex),一般标签,其他,352222,🔥🔥🔥
mole,mole,mole,mole (mole),一般标签,其他,352049,🔥🔥🔥
grey background,grey_background,grey background,grey background (grey background),一般标签,场景,347120,🔥🔥🔥
miniskirt,miniskirt,miniskirt,miniskirt (miniskirt),一般标签,服饰,344901,🔥🔥🔥
black jacket,black_jacket,black 夹克,black jacket (black 夹克),一般标签,服饰,344596,🔥🔥🔥
sword,sword,剑,sword (剑),一般标签,其他,342889,🔥🔥🔥
looking back,looking_back,looking back,looking back (looking back),一般标签,其他,339088,🔥🔥🔥
open jacket,open_jacket,open 夹克,open jacket (open 夹克),一般标签,服饰,338648,🔥🔥🔥
fingerless gloves,fingerless_gloves,fingerless 手套,fingerless gloves (fingerless 手套),一般标签,其他,338084,🔥🔥🔥
coat,coat,外套,coat (外套),一般标签,服饰,334768,🔥🔥🔥
necklace,necklace,项链,necklace (项链),一般标签,其他,334454,🔥🔥🔥
hair bun,hair_bun,hair bun,hair bun (hair bun),一般标签,角色特征,334149,🔥🔥🔥
chibi,chibi,chibi,chibi (chibi),一般标签,其他,332524,🔥🔥🔥
black dress,black_dress,black 连衣裙,black dress (black 连衣裙),一般标签,服饰,331993,🔥🔥🔥
wide sleeves,wide_sleeves,wide sleeves,wide sleeves (wide sleeves),一般标签,其他,328558,🔥🔥🔥
hair over one eye,hair_over_one_eye,hair over one eye,hair over one eye (hair over one eye),一般标签,角色特征,327955,🔥🔥🔥
striped clothes,striped_clothes,striped clothes,striped clothes (striped clothes),一般标签,服饰,326151,🔥🔥🔥
on back,on_back,on back,on back (on back),一般标签,其他,325188,🔥🔥🔥
black shirt,black_shirt,black 衬衫,black shirt (black 衬衫),一般标签,服饰,322656,🔥🔥🔥
star (symbol),star_(symbol),星星 (symbol),star (symbol) (星星 (symbol)),一般标签,其他,320378,🔥🔥🔥
spread legs,spread_legs,spread legs,spread legs (spread legs),一般标签,其他,319780,🔥🔥🔥
grin,grin,露齿笑,grin (露齿笑),一般标签,其他,318148,🔥🔥🔥
orange hair,orange_hair,orange hair,orange hair (orange hair),一般标签,角色特征,314565,🔥🔥🔥
white thighhighs,white_thighhighs,white 过膝袜,white thighhighs (white 过膝袜),一般标签,其他,313230,🔥🔥🔥
cum,cum,cum,cum (cum),一般标签,其他,311816,🔥🔥🔥
nail polish,nail_polish,指甲油,nail polish (指甲油),一般标签,其他,311548,🔥🔥🔥
kimono,kimono,和服,kimono (和服),一般标签,服饰,311212,🔥🔥🔥
off shoulder,off_shoulder,off shoulder,off shoulder (off shoulder),一般标签,其他,310420,🔥🔥🔥
black eyes,black_eyes,black eyes,black eyes (black eyes),一般标签,角色特征,306470,🔥🔥🔥
armpits,armpits,腋窝,armpits (腋窝),一般标签,其他,303206,🔥🔥🔥
3girls,3girls,3 个女孩,3girls (3 个女孩),一般标签,其他,300165,🔥🔥🔥
from behind,from_behind,from behind,from behind (from behind),一般标签,其他,298923,🔥🔥🔥
from side,from_side,from side,from side (from side),一般标签,其他,297119,🔥🔥🔥
hololive,hololive,hololive,hololive (hololive),角色,其他,296723,🔥🔥🔥
sweatdrop,sweatdrop,sweatdrop,sweatdrop (sweatdrop),一般标签,其他,296147,🔥🔥🔥
rabbit ears,rabbit_ears,兔耳,rabbit ears (兔耳),一般标签,角色特征,294884,🔥🔥🔥
yuri,yuri,yuri,yuri (yuri),一般标签,其他,292407,🔥🔥🔥
huge breasts,huge_breasts,huge 胸部,huge breasts (huge 胸部),一般标签,角色特征,292071,🔥🔥🔥
red bow,red_bow,red 蝴蝶结,red bow (red 蝴蝶结),一般标签,其他,289764,🔥🔥🔥
fate/grand order,fate/grand_order,fate/grand order,fate/grand order (fate/grand order),角色,其他,288183,🔥🔥🔥
blurry,blurry,blurry,blurry (blurry),一般标签,其他,287766,🔥🔥🔥
vest,vest,背心,vest (背心),一般标签,其他,286601,🔥🔥🔥
animal ear fluff,animal_ear_fluff,animal ear fluff,animal ear fluff (animal ear fluff),一般标签,角色特征,286557,🔥🔥🔥
genshin impact,genshin_impact,genshin 冲击,genshin impact (genshin 冲击),角色,其他,286419,🔥🔥🔥
bag,bag,包,bag (包),一般标签,物品,286298,🔥🔥🔥
leotard,leotard,leotard,leotard (leotard),一般标签,其他,279978,🔥🔥🔥
armor,armor,盔甲,armor (盔甲),一般标签,服饰,278946,🔥🔥🔥
parted bangs,parted_bangs,parted 刘海,parted bangs (parted 刘海),一般标签,画风,278632,🔥🔥🔥
tears,tears,tears,tears (tears),一般标签,角色特征,277117,🔥🔥🔥
apron,apron,apron,apron (apron),一般标签,其他,276432,🔥🔥🔥
arm up,arm_up,arm up,arm up (arm up),一般标签,其他,276045,🔥🔥🔥
character name,character_name,character name,character name (character name),一般标签,其他,275745,🔥🔥🔥
cape,cape,披风,cape (披风),一般标签,其他,275094,🔥🔥🔥
sweater,sweater,毛衣,sweater (毛衣),一般标签,其他,273619,🔥🔥🔥
black pantyhose,black_pantyhose,black pantyhose,black pantyhose (black pantyhose),一般标签,其他,273298,🔥🔥🔥
idolmaster,idolmaster,idolmaster,idolmaster (idolmaster),角色,其他,269012,🔥🔥🔥
mosaic censoring,mosaic_censoring,mosaic censoring,mosaic censoring (mosaic censoring),一般标签,其他,267488,🔥🔥🔥
water,water,水,water (水),一般标签,其他,266939,🔥🔥🔥
blue sky,blue_sky,blue 天空,blue sky (blue 天空),一般标签,场景,264002,🔥🔥🔥
clothes lift,clothes_lift,clothes lift,clothes lift (clothes lift),一般标签,服饰,263792,🔥🔥🔥
scarf,scarf,scarf,scarf (scarf),一般标签,其他,263681,🔥🔥🔥
high heels,high_heels,high heels,high heels (high heels),一般标签,其他,262793,🔥🔥🔥
vaginal,vaginal,vaginal,vaginal (vaginal),一般标签,其他,258087,🔥🔥🔥
completely nude,completely_nude,completely nude,completely nude (completely nude),一般标签,其他,256720,🔥🔥🔥
crop top,crop_top,crop top,crop top (crop top),一般标签,其他,255619,🔥🔥🔥
grey eyes,grey_eyes,grey eyes,grey eyes (grey eyes),一般标签,角色特征,255324,🔥🔥🔥
bra,bra,bra,bra (bra),一般标签,其他,254605,🔥🔥🔥
collar,collar,collar,collar (collar),一般标签,其他,250552,🔥🔥🔥
feet,feet,feet,feet (feet),一般标签,其他,249662,🔥🔥🔥
looking to the side,looking_to_the_side,looking to the side,looking to the side (looking to the side),一般标签,其他,247241,🔥🔥🔥
hands up,hands_up,hands up,hands up (hands up),一般标签,其他,247070,🔥🔥🔥
bracelet,bracelet,手链,bracelet (手链),一般标签,其他,244988,🔥🔥🔥
fingernails,fingernails,fingernails,fingernails (fingernails),一般标签,其他,243926,🔥🔥🔥
dated,dated,dated,dated (dated),一般标签,其他,242484,🔥🔥🔥
red ribbon,red_ribbon,red 丝带,red ribbon (red 丝带),一般标签,其他,241988,🔥🔥🔥
arms up,arms_up,arms up,arms up (arms up),一般标签,其他,239753,🔥🔥🔥
cup,cup,杯子,cup (杯子),一般标签,其他,238456,🔥🔥🔥
eyelashes,eyelashes,eyelashes,eyelashes (eyelashes),一般标签,角色特征,238173,🔥🔥🔥
clothing cutout,clothing_cutout,clothing cutout,clothing cutout (clothing cutout),一般标签,服饰,238114,🔥🔥🔥
black shoes,black_shoes,black 鞋子,black shoes (black 鞋子),一般标签,服饰,237924,🔥🔥🔥
v-shaped eyebrows,v-shaped_eyebrows,v-shaped eyebrows,v-shaped eyebrows (v-shaped eyebrows),一般标签,角色特征,237647,🔥🔥🔥
multiple views,multiple_views,multiple views,multiple views (multiple views),一般标签,构图,236757,🔥🔥🔥
black choker,black_choker,black choker,black choker (black choker),一般标签,其他,236749,🔥🔥🔥
blue skirt,blue_skirt,blue 裙子,blue skirt (blue 裙子),一般标签,服饰,233710,🔥🔥🔥
aqua eyes,aqua_eyes,aqua eyes,aqua eyes (aqua eyes),一般标签,角色特征,233543,🔥🔥🔥
puffy short sleeves,puffy_short_sleeves,puffy 矮 sleeves,puffy short sleeves (puffy 矮 sleeves),一般标签,其他,233133,🔥🔥🔥
:o,:o,:o,:o (:o),一般标签,其他,233090,🔥🔥🔥
neckerchief,neckerchief,neckerchief,neckerchief (neckerchief),一般标签,其他,229382,🔥🔥🔥
orange eyes,orange_eyes,橙眼睛,orange eyes (橙眼睛),一般标签,角色特征,229350,🔥🔥🔥
dark-skinned female,dark-skinned_female,dark-skinned female,dark-skinned female (dark-skinned female),一般标签,角色特征,229180,🔥🔥🔥
twin braids,twin_braids,twin braids,twin braids (twin braids),一般标签,其他,227698,🔥🔥🔥
upper teeth only,upper_teeth_only,upper teeth only,upper teeth only (upper teeth only),一般标签,其他,226491,🔥🔥🔥
white panties,white_panties,white panties,white panties (white panties),一般标签,其他,226136,🔥🔥🔥
two side up,two_side_up,two side up,two side up (two side up),一般标签,其他,225165,🔥🔥🔥
symbol-shaped pupils,symbol-shaped_pupils,symbol-shaped pupils,symbol-shaped pupils (symbol-shaped pupils),一般标签,其他,223502,🔥🔥🔥
black pants,black_pants,black 长裤,black pants (black 长裤),一般标签,服饰,222835,🔥🔥🔥
mole under eye,mole_under_eye,mole under eye,mole under eye (mole under eye),一般标签,角色特征,220609,🔥🔥🔥
side ponytail,side_ponytail,side 马尾,side ponytail (side 马尾),一般标签,角色特征,220107,🔥🔥🔥
black hat,black_hat,black 帽子,black hat (black 帽子),一般标签,服饰,219968,🔥🔥🔥
thigh strap,thigh_strap,thigh strap,thigh strap (thigh strap),一般标签,其他,219504,🔥🔥🔥
flat chest,flat_chest,平胸,flat chest (平胸),一般标签,其他,219206,🔥🔥🔥
border,border,border,border (border),一般标签,其他,219153,🔥🔥🔥
sleeves past wrists,sleeves_past_wrists,sleeves past wrists,sleeves past wrists (sleeves past wrists),一般标签,其他,215532,🔥🔥🔥
fur trim,fur_trim,毛皮 trim,fur trim (毛皮 trim),一般标签,其他,214073,🔥🔥🔥
tree,tree,树,tree (树),一般标签,其他,212947,🔥🔥🔥
watermark,watermark,watermark,watermark (watermark),一般标签,其他,212177,🔥🔥🔥
strapless,strapless,strapless,strapless (strapless),一般标签,其他,208931,🔥🔥🔥
v,v,v,v (v),一般标签,其他,208752,🔥🔥🔥
pokemon (creature),pokemon_(creature),pokemon (creature),pokemon (creature) (pokemon (creature)),一般标签,其他,208406,🔥🔥🔥
feet out of frame,feet_out_of_frame,feet out of frame,feet out of frame (feet out of frame),一般标签,其他,208132,🔥🔥🔥
no humans,no_humans,no humans,no humans (no humans),一般标签,其他,208007,🔥🔥🔥
bar censor,bar_censor,bar censor,bar censor (bar censor),一般标签,其他,207038,🔥🔥🔥
fake animal ears,fake_animal_ears,fake animal ears,fake animal ears (fake animal ears),一般标签,角色特征,206381,🔥🔥🔥
sleeveless dress,sleeveless_dress,sleeveless 连衣裙,sleeveless dress (sleeveless 连衣裙),一般标签,服饰,205543,🔥🔥🔥
sparkle,sparkle,闪光,sparkle (闪光),一般标签,其他,205341,🔥🔥🔥
hand on own hip,hand_on_own_hip,hand on own hip,hand on own hip (hand on own hip),一般标签,其他,204937,🔥🔥🔥
sleeveless shirt,sleeveless_shirt,sleeveless 衬衫,sleeveless shirt (sleeveless 衬衫),一般标签,服饰,204632,🔥🔥🔥
toes,toes,toes,toes (toes),一般标签,其他,203884,🔥🔥🔥
cat tail,cat_tail,猫尾,cat tail (猫尾),一般标签,角色特征,203364,🔥🔥🔥
hair intakes,hair_intakes,hair intakes,hair intakes (hair intakes),一般标签,角色特征,197316,🔥🔥🔥
gradient hair,gradient_hair,gradient hair,gradient hair (gradient hair),一般标签,角色特征,196878,🔥🔥🔥
white socks,white_socks,white 袜子,white socks (white 袜子),一般标签,其他,196655,🔥🔥🔥
black bow,black_bow,black 蝴蝶结,black bow (black 蝴蝶结),一般标签,其他,195681,🔥🔥🔥
wrist cuffs,wrist_cuffs,wrist cuffs,wrist cuffs (wrist cuffs),一般标签,其他,193516,🔥🔥🔥
arknights,arknights,arknights,arknights (arknights),角色,场景,193515,🔥🔥🔥
see-through clothes,see-through_clothes,see-through clothes,see-through clothes (see-through clothes),一般标签,服饰,193288,🔥🔥🔥
loli,loli,loli,loli (loli),一般标签,其他,192793,🔥🔥🔥
buttons,buttons,buttons,buttons (buttons),一般标签,其他,192755,🔥🔥🔥
fox ears,fox_ears,狐耳,fox ears (狐耳),一般标签,角色特征,192594,🔥🔥🔥
horse ears,horse_ears,horse ears,horse ears (horse ears),一般标签,角色特征,192527,🔥🔥🔥
torn clothes,torn_clothes,torn clothes,torn clothes (torn clothes),一般标签,服饰,192073,🔥🔥🔥
vocaloid,vocaloid,vocaloid,vocaloid (vocaloid),角色,其他,191432,🔥🔥🔥
umamusume,umamusume,umamusume,umamusume (umamusume),角色,其他,191120,🔥🔥🔥
maid,maid,女仆,maid (女仆),一般标签,其他,190796,🔥🔥🔥
covered nipples,covered_nipples,covered nipples,covered nipples (covered nipples),一般标签,其他,190310,🔥🔥🔥
neck ribbon,neck_ribbon,neck 丝带,neck ribbon (neck 丝带),一般标签,其他,189008,🔥🔥🔥
tattoo,tattoo,纹身,tattoo (纹身),一般标签,其他,188507,🔥🔥🔥
maid headdress,maid_headdress,女仆 headdress,maid headdress (女仆 headdress),一般标签,服饰,187866,🔥🔥🔥
colored skin,colored_skin,colored skin,colored skin (colored skin),一般标签,角色特征,187221,🔥🔥🔥
horse girl,horse_girl,horse girl,horse girl (horse girl),一般标签,其他,186534,🔥🔥🔥
pillow,pillow,枕头,pillow (枕头),一般标签,其他,186389,🔥🔥🔥
honkai (series),honkai_(series),honkai (series),honkai (series) (honkai (series)),角色,其他,165696,🔥🔥🔥
azur lane,azur_lane,azur lane,azur lane (azur lane),角色,其他,149783,🔥🔥🔥
idolmaster cinderella girls,idolmaster_cinderella_girls,idolmaster cinderella girls,idolmaster cinderella girls (idolmaster cinderella girls),角色,其他,132477,🔥🔥🔥
hatsune miku,hatsune_miku,hatsune miku,hatsune miku (hatsune miku),作品/版权,服饰,132193,🔥🔥🔥
love live!,love_live!,爱 live!,love live! (爱 live!),角色,其他,119122,🔥🔥🔥
honkai: star rail,honkai:_star_rail,honkai: 星星 rail,honkai: star rail (honkai: 星星 rail),角色,其他,116167,🔥🔥🔥
fire emblem,fire_emblem,火 emblem,fire emblem (火 emblem),角色,其他,114784,🔥🔥🔥
hololive english,hololive_english,hololive english,hololive english (hololive english),角色,其他,100692,🔥🔥🔥
final fantasy,final_fantasy,final 奇幻,final fantasy (final 奇幻),角色,其他,100651,🔥🔥🔥
hakurei reimu,hakurei_reimu,hakurei reimu,hakurei reimu (hakurei reimu),作品/版权,其他,92345,🔥🔥🔥
nijisanji,nijisanji,nijisanji,nijisanji (nijisanji),角色,其他,82426,🔥🔥🔥
kirisame marisa,kirisame_marisa,kirisame marisa,kirisame marisa (kirisame marisa),作品/版权,其他,81206,🔥🔥🔥
mahou shoujo madoka magica,mahou_shoujo_madoka_magica,mahou shoujo madoka magica,mahou shoujo madoka magica (mahou shoujo madoka magica),角色,其他,80917,🔥🔥🔥
zenless zone zero,zenless_zone_zero,zenless zone zero,zenless zone zero (zenless zone zero),角色,其他,78950,🔥🔥🔥
girls' frontline,girls'_frontline,girls' frontline,girls' frontline (girls' frontline),角色,其他,75009,🔥🔥🔥
girls und panzer,girls_und_panzer,girls und panzer,girls und panzer (girls und panzer),角色,其他,71177,🔥🔥🔥
indie virtual youtuber,indie_virtual_youtuber,indie virtual youtuber,indie virtual youtuber (indie virtual youtuber),角色,其他,70602,🔥🔥🔥
gundam,gundam,gundam,gundam (gundam),角色,其他,66117,🔥🔥🔥
danganronpa (series),danganronpa_(series),danganronpa (series),danganronpa (series) (danganronpa (series)),角色,其他,63943,🔥🔥🔥
precure,precure,precure,precure (precure),角色,其他,62915,🔥🔥🔥
flandre scarlet,flandre_scarlet,flandre scarlet,flandre scarlet (flandre scarlet),作品/版权,其他,58708,🔥🔥🔥
remilia scarlet,remilia_scarlet,remilia scarlet,remilia scarlet (remilia scarlet),作品/版权,其他,58649,🔥🔥🔥
mahou shoujo madoka magica (anime),mahou_shoujo_madoka_magica_(anime),mahou shoujo madoka magica (anime),mahou shoujo madoka magica (anime) (mahou shoujo madoka magica (anime)),角色,画风,58498,🔥🔥🔥
kemono friends,kemono_friends,kemono friends,kemono friends (kemono friends),角色,其他,56714,🔥🔥🔥
jojo no kimyou na bouken,jojo_no_kimyou_na_bouken,jojo no kimyou na bouken,jojo no kimyou na bouken (jojo no kimyou na bouken),角色,其他,52582,🔥🔥🔥
granblue fantasy,granblue_fantasy,granblue 奇幻,granblue fantasy (granblue 奇幻),角色,其他,51466,🔥🔥🔥
izayoi sakuya,izayoi_sakuya,izayoi sakuya,izayoi sakuya (izayoi sakuya),作品/版权,其他,50736,🔥🔥🔥
one piece,one_piece,one piece,one piece (one piece),角色,其他,48701,🔥🔥🔥
honkai impact 3rd,honkai_impact_3rd,honkai 冲击 3rd,honkai impact 3rd (honkai 冲击 3rd),角色,其他,48649,🔥🔥🔥
bang dream!,bang_dream!,bang dream!,bang dream! (bang dream!),角色,其他,48534,🔥🔥🔥
artoria pendragon (fate),artoria_pendragon_(fate),artoria pendragon (fate),artoria pendragon (fate) (artoria pendragon (fate)),作品/版权,画风,44294,🔥🔥🔥
persona,persona,persona,persona (persona),角色,其他,44160,🔥🔥🔥
idolmaster shiny colors,idolmaster_shiny_colors,idolmaster shiny colors,idolmaster shiny colors (idolmaster shiny colors),角色,其他,43726,🔥🔥🔥
fate/stay night,fate/stay_night,fate/stay 夜晚,fate/stay night (fate/stay 夜晚),角色,场景,42324,🔥🔥🔥
idolmaster (classic),idolmaster_(classic),idolmaster (classic),idolmaster (classic) (idolmaster (classic)),角色,其他,41874,🔥🔥🔥
komeiji koishi,komeiji_koishi,komeiji koishi,komeiji koishi (komeiji koishi),作品/版权,其他,41409,🔥🔥🔥
wuthering waves,wuthering_waves,wuthering waves,wuthering waves (wuthering waves),角色,其他,41052,🔥🔥🔥
yu-gi-oh!,yu-gi-oh!,yu-gi-oh!,yu-gi-oh! (yu-gi-oh!),角色,其他,40536,🔥🔥🔥
chainsaw man,chainsaw_man,chainsaw man,chainsaw man (chainsaw man),角色,其他,40074,🔥🔥🔥
project moon,project_moon,project 月亮,project moon (project 月亮),角色,其他,40009,🔥🔥🔥
boku no hero academia,boku_no_hero_academia,boku no 英雄 academia,boku no hero academia (boku no 英雄 academia),角色,其他,39736,🔥🔥🔥
kochiya sanae,kochiya_sanae,kochiya sanae,kochiya sanae (kochiya sanae),作品/版权,其他,39340,🔥🔥🔥
konpaku youmu,konpaku_youmu,konpaku youmu,konpaku youmu (konpaku youmu),作品/版权,其他,39017,🔥🔥🔥
admiral (kancolle),admiral_(kancolle),admiral (kancolle),admiral (kancolle) (admiral (kancolle)),作品/版权,其他,38590,🔥🔥🔥
cirno,cirno,cirno,cirno (cirno),作品/版权,其他,38441,🔥🔥🔥
alice margatroid,alice_margatroid,alice margatroid,alice margatroid (alice margatroid),作品/版权,其他,38206,🔥🔥🔥
love live! school idol project,love_live!_school_idol_project,爱 live! 学校 偶像 project,love live! school idol project (爱 live! 学校 偶像 project),角色,场景,37828,🔥🔥🔥
final fantasy vii,final_fantasy_vii,final 奇幻 vii,final fantasy vii (final 奇幻 vii),角色,其他,37514,🔥🔥🔥
patchouli knowledge,patchouli_knowledge,patchouli knowledge,patchouli knowledge (patchouli knowledge),作品/版权,其他,36962,🔥🔥🔥
yakumo yukari,yakumo_yukari,yakumo yukari,yakumo yukari (yakumo yukari),作品/版权,其他,36317,🔥🔥🔥
goddess of victory: nikke,goddess_of_victory:_nikke,女神 of victory: nikke,goddess of victory: nikke (女神 of victory: nikke),角色,其他,35950,🔥🔥🔥
the legend of zelda,the_legend_of_zelda,the legend of zelda,the legend of zelda (the legend of zelda),角色,其他,35714,🔥🔥🔥
bang dream! it's mygo!!!!!,bang_dream!_it's_mygo!!!!!,bang dream! it's mygo!!!!!,bang dream! it's mygo!!!!! (bang dream! it's mygo!!!!!),角色,其他,34164,🔥🔥🔥
neon genesis evangelion,neon_genesis_evangelion,neon genesis evangelion,neon genesis evangelion (neon genesis evangelion),角色,其他,33571,🔥🔥🔥
league of legends,league_of_legends,league of legends,league of legends (league of legends),角色,其他,33201,🔥🔥🔥
sensei (blue archive),sensei_(blue_archive),sensei (blue archive),sensei (blue archive) (sensei (blue archive)),作品/版权,其他,33144,🔥🔥🔥
pokemon swsh,pokemon_swsh,pokemon swsh,pokemon swsh (pokemon swsh),角色,其他,32757,🔥🔥🔥
final fantasy xiv,final_fantasy_xiv,final 奇幻 xiv,final fantasy xiv (final 奇幻 xiv),角色,其他,32721,🔥🔥🔥
shameimaru aya,shameimaru_aya,shameimaru aya,shameimaru aya (shameimaru aya),作品/版权,其他,32671,🔥🔥🔥
fire emblem heroes,fire_emblem_heroes,火 emblem heroes,fire emblem heroes (火 emblem heroes),角色,其他,32506,🔥🔥🔥
link! like! love live!,link!_like!_love_live!,link! like! 爱 live!,link! like! love live! (link! like! 爱 live!),角色,其他,31633,🔥🔥🔥
ragnarok online,ragnarok_online,ragnarok online,ragnarok online (ragnarok online),角色,其他,31489,🔥🔥🔥
splatoon (series),splatoon_(series),splatoon (series),splatoon (series) (splatoon (series)),角色,其他,31377,🔥🔥🔥
street fighter,street_fighter,街道 fighter,street fighter (街道 fighter),角色,其他,31305,🔥🔥🔥
reisen udongein inaba,reisen_udongein_inaba,reisen udongein inaba,reisen udongein inaba (reisen udongein inaba),作品/版权,其他,29783,🔥🔥🔥
pokemon sv,pokemon_sv,pokemon sv,pokemon sv (pokemon sv),角色,其他,29774,🔥🔥🔥
idolmaster million live!,idolmaster_million_live!,idolmaster million live!,idolmaster million live! (idolmaster million live!),角色,其他,29743,🔥🔥🔥
fire emblem: three houses,fire_emblem:_three_houses,火 emblem: three houses,fire emblem: three houses (火 emblem: three houses),角色,其他,29468,🔥🔥🔥
fujiwara no mokou,fujiwara_no_mokou,fujiwara no mokou,fujiwara no mokou (fujiwara no mokou),作品/版权,其他,29415,🔥🔥🔥
bocchi the rock!,bocchi_the_rock!,bocchi the rock!,bocchi the rock! (bocchi the rock!),角色,其他,29237,🔥🔥🔥
komeiji satori,komeiji_satori,komeiji satori,komeiji satori (komeiji satori),作品/版权,其他,29179,🔥🔥🔥
limbus company,limbus_company,limbus company,limbus company (limbus company),角色,其他,28909,🔥🔥🔥
mario (series),mario_(series),mario (series),mario (series) (mario (series)),角色,其他,28792,🔥🔥🔥
akemi homura,akemi_homura,akemi homura,akemi homura (akemi homura),作品/版权,其他,28747,🔥🔥🔥
kaname madoka,kaname_madoka,kaname madoka,kaname madoka (kaname madoka),作品/版权,其他,28391,🔥🔥🔥
dragon ball,dragon_ball,龙 ball,dragon ball (龙 ball),角色,其他,28344,🔥🔥🔥
xenoblade chronicles (series),xenoblade_chronicles_(series),xenoblade chronicles (series),xenoblade chronicles (series) (xenoblade chronicles (series)),角色,其他,27551,🔥🔥🔥
hong meiling,hong_meiling,hong meiling,hong meiling (hong meiling),作品/版权,其他,27069,🔥🔥🔥
k-on!,k-on!,k-on!,k-on! (k-on!),角色,其他,26957,🔥🔥🔥
saigyouji yuyuko,saigyouji_yuyuko,saigyouji yuyuko,saigyouji yuyuko (saigyouji yuyuko),作品/版权,其他,26757,🔥🔥🔥
princess connect!,princess_connect!,公主 connect!,princess connect! (公主 connect!),角色,其他,26751,🔥🔥🔥
toaru majutsu no index,toaru_majutsu_no_index,toaru majutsu no index,toaru majutsu no index (toaru majutsu no index),角色,其他,26556,🔥🔥🔥
lyrical nanoha,lyrical_nanoha,lyrical nanoha,lyrical nanoha (lyrical nanoha),角色,其他,25204,🔥🔥🔥
pokemon (anime),pokemon_(anime),pokemon (anime),pokemon (anime) (pokemon (anime)),角色,画风,25195,🔥🔥🔥
suzumiya haruhi no yuuutsu,suzumiya_haruhi_no_yuuutsu,suzumiya haruhi no yuuutsu,suzumiya haruhi no yuuutsu (suzumiya haruhi no yuuutsu),角色,其他,25089,🔥🔥🔥
inubashiri momiji,inubashiri_momiji,inubashiri momiji,inubashiri momiji (inubashiri momiji),作品/版权,其他,25083,🔥🔥🔥
world witches series,world_witches_series,world witches series,world witches series (world witches series),角色,其他,25024,🔥🔥🔥
danganronpa 2: goodbye despair,danganronpa_2:_goodbye_despair,danganronpa 2: goodbye 绝望,danganronpa 2: goodbye despair (danganronpa 2: goodbye 绝望),角色,其他,24728,🔥🔥🔥
project sekai,project_sekai,project sekai,project sekai (project sekai),角色,其他,24684,🔥🔥🔥
marvel,marvel,marvel,marvel (marvel),角色,其他,24257,🔥🔥🔥
kagamine rin,kagamine_rin,kagamine rin,kagamine rin (kagamine rin),作品/版权,其他,24177,🔥🔥🔥
utau,utau,utau,utau (utau),角色,其他,24027,🔥🔥🔥
danganronpa v3: killing harmony,danganronpa_v3:_killing_harmony,danganronpa v3: killing harmony,danganronpa v3: killing harmony (danganronpa v3: killing harmony),角色,其他,23931,🔥🔥🔥
naruto (series),naruto_(series),naruto (series),naruto (series) (naruto (series)),角色,其他,23789,🔥🔥🔥
sousou no frieren,sousou_no_frieren,sousou no frieren,sousou no frieren (sousou no frieren),角色,其他,23512,🔥🔥🔥
scaramouche (genshin impact),scaramouche_(genshin_impact),scaramouche (genshin impact),scaramouche (genshin impact) (scaramouche (genshin impact)),作品/版权,其他,23038,🔥🔥🔥
pokemon sm,pokemon_sm,pokemon sm,pokemon sm (pokemon sm),角色,其他,22807,🔥🔥🔥
love live! sunshine!!,love_live!_sunshine!!,爱 live! sunshine!!,love live! sunshine!! (爱 live! sunshine!!),角色,其他,22807,🔥🔥🔥
voiceroid,voiceroid,voiceroid,voiceroid (voiceroid),角色,其他,22735,🔥🔥🔥
kaga (kancolle),kaga_(kancolle),kaga (kancolle),kaga (kancolle) (kaga (kancolle)),作品/版权,其他,21983,🔥🔥🔥
fate/extra,fate/extra,fate/extra,fate/extra (fate/extra),角色,其他,21944,🔥🔥🔥
gakuen idolmaster,gakuen_idolmaster,gakuen idolmaster,gakuen idolmaster (gakuen idolmaster),角色,其他,21899,🔥🔥🔥
yakumo ran,yakumo_ran,yakumo ran,yakumo ran (yakumo ran),作品/版权,其他,21889,🔥🔥🔥
kaenbyou rin,kaenbyou_rin,kaenbyou rin,kaenbyou rin (kaenbyou rin),作品/版权,其他,21784,🔥🔥🔥
konpaku youmu (ghost),konpaku_youmu_(ghost),konpaku youmu (ghost),konpaku youmu (ghost) (konpaku youmu (ghost)),作品/版权,其他,21752,🔥🔥🔥
guilty gear,guilty_gear,guilty gear,guilty gear (guilty gear),角色,角色特征,21638,🔥🔥🔥
mega man (series),mega_man_(series),mega man (series),mega man (series) (mega man (series)),角色,其他,21456,🔥🔥🔥
rumia,rumia,rumia,rumia (rumia),作品/版权,其他,21121,🔥🔥🔥
warrior of light (ff14),warrior_of_light_(ff14),战士 of 光 (ff14),warrior of light (ff14) (战士 of 光 (ff14)),作品/版权,其他,20975,🔥🔥🔥
moriya suwako,moriya_suwako,moriya suwako,moriya suwako (moriya suwako),作品/版权,其他,20955,🔥🔥🔥
jujutsu kaisen,jujutsu_kaisen,jujutsu kaisen,jujutsu kaisen (jujutsu kaisen),角色,其他,20870,🔥🔥🔥
raiden shogun,raiden_shogun,raiden shogun,raiden shogun (raiden shogun),作品/版权,其他,20821,🔥🔥🔥
reverse:1999,reverse:1999,reverse:1999,reverse:1999 (reverse:1999),角色,其他,20590,🔥🔥🔥
love live! nijigasaki high school idol club,love_live!_nijigasaki_high_school_idol_club,爱 live! nijigasaki high 学校 偶像 club,love live! nijigasaki high school idol club (爱 live! nijigasaki high 学校 偶像 club),角色,场景,20573,🔥🔥🔥
lumine (genshin impact),lumine_(genshin_impact),lumine (genshin impact),lumine (genshin impact) (lumine (genshin impact)),作品/版权,其他,20442,🔥🔥🔥
xenoblade chronicles 2,xenoblade_chronicles_2,xenoblade chronicles 2,xenoblade chronicles 2 (xenoblade chronicles 2),角色,其他,20376,🔥🔥🔥
kono subarashii sekai ni shukufuku wo!,kono_subarashii_sekai_ni_shukufuku_wo!,kono subarashii sekai ni shukufuku wo!,kono subarashii sekai ni shukufuku wo! (kono subarashii sekai ni shukufuku wo!),角色,其他,20329,🔥🔥🔥
shimakaze (kancolle),shimakaze_(kancolle),shimakaze (kancolle),shimakaze (kancolle) (shimakaze (kancolle)),作品/版权,其他,20112,🔥🔥🔥
re:zero kara hajimeru isekai seikatsu,re:zero_kara_hajimeru_isekai_seikatsu,re:zero kara hajimeru isekai seikatsu,re:zero kara hajimeru isekai seikatsu (re:zero kara hajimeru isekai seikatsu),角色,其他,19976,🔥🔥🔥
reiuji utsuho,reiuji_utsuho,reiuji utsuho,reiuji utsuho (reiuji utsuho),作品/版权,其他,19913,🔥🔥🔥
saber (fate),saber_(fate),saber (fate),saber (fate) (saber (fate)),作品/版权,其他,19912,🔥🔥🔥
mash kyrielight,mash_kyrielight,mash kyrielight,mash kyrielight (mash kyrielight),作品/版权,其他,19881,🔥🔥🔥
fire emblem fates,fire_emblem_fates,火 emblem fates,fire emblem fates (火 emblem fates),角色,其他,19870,🔥🔥🔥
chen,chen,chen,chen (chen),作品/版权,其他,19859,🔥🔥🔥
ganyu (genshin impact),ganyu_(genshin_impact),ganyu (genshin impact),ganyu (genshin impact) (ganyu (genshin impact)),作品/版权,其他,19755,🔥🔥🔥
tales of (series),tales_of_(series),tales of (series),tales of (series) (tales of (series)),角色,其他,19645,🔥🔥🔥
miki sayaka,miki_sayaka,miki sayaka,miki sayaka (miki sayaka),作品/版权,其他,19596,🔥🔥🔥
omori,omori,omori,omori (omori),角色,其他,19530,🔥🔥🔥
kazami yuuka,kazami_yuuka,kazami yuuka,kazami yuuka (kazami yuuka),作品/版权,其他,19494,🔥🔥🔥
monogatari (series),monogatari_(series),monogatari (series),monogatari (series) (monogatari (series)),角色,其他,19400,🔥🔥🔥
dragon quest,dragon_quest,龙 quest,dragon quest (龙 quest),角色,其他,19269,🔥🔥🔥
digimon,digimon,digimon,digimon (digimon),角色,其他,19192,🔥🔥🔥
link,link,link,link (link),作品/版权,其他,19160,🔥🔥🔥
senran kagura,senran_kagura,senran kagura,senran kagura (senran kagura),角色,其他,19103,🔥🔥🔥
doodle sensei (blue archive),doodle_sensei_(blue_archive),doodle sensei (blue archive),doodle sensei (blue archive) (doodle sensei (blue archive)),作品/版权,其他,18999,🔥🔥🔥
overwatch,overwatch,overwatch,overwatch (overwatch),角色,其他,18660,🔥🔥🔥
dairi,dairi,dairi,dairi (dairi),画师/画风,其他,18643,🔥🔥🔥
bishoujo senshi sailor moon,bishoujo_senshi_sailor_moon,bishoujo senshi sailor 月亮,bishoujo senshi sailor moon (bishoujo senshi sailor 月亮),角色,其他,18430,🔥🔥🔥
trailblazer (honkai: star rail),trailblazer_(honkai:_star_rail),trailblazer (honkai: 星星 rail),trailblazer (honkai: star rail) (trailblazer (honkai: 星星 rail)),作品/版权,其他,18418,🔥🔥🔥
bleach,bleach,bleach,bleach (bleach),角色,其他,18394,🔥🔥🔥
kimetsu no yaiba,kimetsu_no_yaiba,kimetsu no yaiba,kimetsu no yaiba (kimetsu no yaiba),角色,其他,18349,🔥🔥🔥
tatara kogasa,tatara_kogasa,tatara kogasa,tatara kogasa (tatara kogasa),作品/版权,其他,18155,🔥🔥🔥
real life,real_life,real life,real life (real life),角色,其他,18066,🔥🔥🔥
kawashiro nitori,kawashiro_nitori,kawashiro nitori,kawashiro nitori (kawashiro nitori),作品/版权,其他,18010,🔥🔥🔥
pokemon bw,pokemon_bw,pokemon bw,pokemon bw (pokemon bw),角色,其他,17988,🔥🔥🔥
sword art online,sword_art_online,剑 art online,sword art online (剑 art online),角色,画风,17834,🔥🔥🔥
hibiki (kancolle),hibiki_(kancolle),hibiki (kancolle),hibiki (kancolle) (hibiki (kancolle)),作品/版权,其他,17553,🔥🔥🔥
hina (blue archive),hina_(blue_archive),hina (blue archive),hina (blue archive) (hina (blue archive)),作品/版权,其他,17373,🔥🔥🔥
kamishirasawa keine,kamishirasawa_keine,kamishirasawa keine,kamishirasawa keine (kamishirasawa keine),作品/版权,其他,17363,🔥🔥🔥
shigure (kancolle),shigure_(kancolle),shigure (kancolle),shigure (kancolle) (shigure (kancolle)),作品/版权,其他,17348,🔥🔥🔥
fujimaru ritsuka (male),fujimaru_ritsuka_(male),fujimaru ritsuka (male),fujimaru ritsuka (male) (fujimaru ritsuka (male)),作品/版权,其他,17297,🔥🔥🔥
hinanawi tenshi,hinanawi_tenshi,hinanawi tenshi,hinanawi tenshi (hinanawi tenshi),作品/版权,其他,17292,🔥🔥🔥
strike witches,strike_witches,strike witches,strike witches (strike witches),角色,其他,17192,🔥🔥🔥
yuuka (blue archive),yuuka_(blue_archive),yuuka (blue archive),yuuka (blue archive) (yuuka (blue archive)),作品/版权,其他,17109,🔥🔥🔥
touken ranbu,touken_ranbu,touken ranbu,touken ranbu (touken ranbu),角色,其他,17098,🔥🔥🔥
houraisan kaguya,houraisan_kaguya,houraisan kaguya,houraisan kaguya (houraisan kaguya),作品/版权,其他,17046,🔥🔥🔥
fate/apocrypha,fate/apocrypha,fate/apocrypha,fate/apocrypha (fate/apocrypha),角色,表情,16943,🔥🔥🔥
houshou marine,houshou_marine,houshou marine,houshou marine (houshou marine),作品/版权,其他,16765,🔥🔥🔥
souryuu asuka langley,souryuu_asuka_langley,souryuu asuka langley,souryuu asuka langley (souryuu asuka langley),作品/版权,构图,16680,🔥🔥🔥
gotoh hitori,gotoh_hitori,gotoh hitori,gotoh hitori (gotoh hitori),作品/版权,其他,16665,🔥🔥🔥
toaru kagaku no railgun,toaru_kagaku_no_railgun,toaru kagaku no railgun,toaru kagaku no railgun (toaru kagaku no railgun),角色,其他,16651,🔥🔥🔥
sakura kyoko,sakura_kyoko,sakura kyoko,sakura kyoko (sakura kyoko),作品/版权,其他,16647,🔥🔥🔥
asuna (blue archive),asuna_(blue_archive),asuna (blue archive),asuna (blue archive) (asuna (blue archive)),作品/版权,其他,16635,🔥🔥🔥
tomoe mami,tomoe_mami,tomoe mami,tomoe mami (tomoe mami),作品/版权,其他,16445,🔥🔥🔥
gardevoir,gardevoir,gardevoir,gardevoir (gardevoir),作品/版权,其他,16282,🔥🔥🔥
kagamine len,kagamine_len,kagamine len,kagamine len (kagamine len),作品/版权,其他,16158,🔥🔥🔥
sonic (series),sonic_(series),sonic (series),sonic (series) (sonic (series)),角色,其他,16134,🔥🔥🔥
idolmaster cinderella girls starlight stage,idolmaster_cinderella_girls_starlight_stage,idolmaster cinderella girls starlight stage,idolmaster cinderella girls starlight stage (idolmaster cinderella girls starlight stage),角色,其他,16116,🔥🔥🔥
nijisanji en,nijisanji_en,nijisanji en,nijisanji en (nijisanji en),角色,其他,16060,🔥🔥🔥
fate/zero,fate/zero,fate/zero,fate/zero (fate/zero),角色,其他,16018,🔥🔥🔥
pikachu,pikachu,pikachu,pikachu (pikachu),作品/版权,其他,15988,🔥🔥🔥
the king of fighters,the_king_of_fighters,the 国王 of fighters,the king of fighters (the 国王 of fighters),角色,其他,15986,🔥🔥🔥
spy x family,spy_x_family,spy x family,spy x family (spy x family),角色,其他,15959,🔥🔥🔥
kill la kill,kill_la_kill,kill la kill,kill la kill (kill la kill),角色,其他,15949,🔥🔥🔥
gawr gura,gawr_gura,gawr gura,gawr gura (gawr gura),作品/版权,其他,15924,🔥🔥🔥
nier (series),nier_(series),nier (series),nier (series) (nier (series)),角色,其他,15903,🔥🔥🔥
persona 5,persona_5,persona 5,persona 5 (persona 5),角色,其他,15895,🔥🔥🔥
mystia lorelei,mystia_lorelei,mystia lorelei,mystia lorelei (mystia lorelei),作品/版权,其他,15871,🔥🔥🔥
fire emblem awakening,fire_emblem_awakening,火 emblem awakening,fire emblem awakening (火 emblem awakening),角色,其他,15843,🔥🔥🔥
gochuumon wa usagi desu ka?,gochuumon_wa_usagi_desu_ka?,gochuumon wa usagi desu ka?,gochuumon wa usagi desu ka? (gochuumon wa usagi desu ka?),角色,其他,15791,🔥🔥🔥
pokemon dppt,pokemon_dppt,pokemon dppt,pokemon dppt (pokemon dppt),角色,其他,15758,🔥🔥🔥
touhou (pc-98),touhou_(pc-98),touhou (pc-98),touhou (pc-98) (touhou (pc-98)),角色,其他,15682,🔥🔥🔥
koakuma,koakuma,koakuma,koakuma (koakuma),作品/版权,其他,15638,🔥🔥🔥
fujimaru ritsuka (female),fujimaru_ritsuka_(female),fujimaru ritsuka (female),fujimaru ritsuka (female) (fujimaru ritsuka (female)),作品/版权,其他,15520,🔥🔥🔥
princess zelda,princess_zelda,公主 zelda,princess zelda (公主 zelda),作品/版权,其他,15487,🔥🔥🔥
final fantasy vii remake,final_fantasy_vii_remake,final 奇幻 vii remake,final fantasy vii remake (final 奇幻 vii remake),角色,其他,15475,🔥🔥🔥
ibuki suika,ibuki_suika,ibuki suika,ibuki suika (ibuki suika),作品/版权,其他,15424,🔥🔥🔥
nazrin,nazrin,nazrin,nazrin (nazrin),作品/版权,其他,15278,🔥🔥🔥
firefly (honkai: star rail),firefly_(honkai:_star_rail),firefly (honkai: 星星 rail),firefly (honkai: star rail) (firefly (honkai: 星星 rail)),作品/版权,其他,15261,🔥🔥🔥
inaba tewi,inaba_tewi,inaba tewi,inaba tewi (inaba tewi),作品/版权,其他,15191,🔥🔥🔥
tifa lockhart,tifa_lockhart,tifa lockhart,tifa lockhart (tifa lockhart),作品/版权,画风,15161,🔥🔥🔥
inkling player character,inkling_player_character,inkling player character,inkling player character (inkling player character),作品/版权,其他,15109,🔥🔥🔥
code geass,code_geass,code geass,code geass (code geass),角色,其他,14830,🔥🔥🔥
shingeki no kyojin,shingeki_no_kyojin,shingeki no kyojin,shingeki no kyojin (shingeki no kyojin),角色,其他,14673,🔥🔥🔥
shirakami fubuki,shirakami_fubuki,shirakami fubuki,shirakami fubuki (shirakami fubuki),作品/版权,其他,14631,🔥🔥🔥
kasane teto,kasane_teto,kasane teto,kasane teto (kasane teto),作品/版权,其他,14548,🔥🔥🔥
science adventure,science_adventure,science adventure,science adventure (science adventure),角色,其他,14479,🔥🔥🔥
overwatch 1,overwatch_1,overwatch 1,overwatch 1 (overwatch 1),角色,其他,14477,🔥🔥🔥
cloud strife,cloud_strife,云 strife,cloud strife (云 strife),作品/版权,其他,14387,🔥🔥🔥
bang dream! girls band party!,bang_dream!_girls_band_party!,bang dream! girls band party!,bang dream! girls band party! (bang dream! girls band party!),角色,画风,14336,🔥🔥🔥
mika (blue archive),mika_(blue_archive),mika (blue archive),mika (blue archive) (mika (blue archive)),作品/版权,其他,14231,🔥🔥🔥
frieren,frieren,frieren,frieren (frieren),作品/版权,其他,14215,🔥🔥🔥
persona 3,persona_3,persona 3,persona 3 (persona 3),角色,其他,14198,🔥🔥🔥
persona 4,persona_4,persona 4,persona 4 (persona 4),角色,其他,14196,🔥🔥🔥
hijiri byakuren,hijiri_byakuren,hijiri byakuren,hijiri byakuren (hijiri byakuren),作品/版权,其他,14190,🔥🔥🔥
utdr (toby fox),utdr_(toby_fox),utdr (toby fox),utdr (toby fox) (utdr (toby fox)),角色,其他,14170,🔥🔥🔥
hoshimachi suisei,hoshimachi_suisei,hoshimachi suisei,hoshimachi suisei (hoshimachi suisei),作品/版权,其他,14163,🔥🔥🔥
kirby (series),kirby_(series),kirby (series),kirby (series) (kirby (series)),角色,其他,14130,🔥🔥🔥
lucky star,lucky_star,lucky 星星,lucky star (lucky 星星),角色,其他,14059,🔥🔥🔥
hu tao (genshin impact),hu_tao_(genshin_impact),hu tao (genshin impact),hu tao (genshin impact) (hu tao (genshin impact)),作品/版权,其他,14055,🔥🔥🔥
saibou shinkyoku,saibou_shinkyoku,saibou shinkyoku,saibou shinkyoku (saibou shinkyoku),角色,其他,13993,🔥🔥🔥
nier:automata,nier:automata,nier:automata,nier:automata (nier:automata),角色,其他,13911,🔥🔥🔥
kongou (kancolle),kongou_(kancolle),kongou (kancolle),kongou (kancolle) (kongou (kancolle)),作品/版权,其他,13884,🔥🔥🔥
tsukihime,tsukihime,tsukihime,tsukihime (tsukihime),角色,其他,13833,🔥🔥🔥
neptune (series),neptune_(series),neptune (series),neptune (series) (neptune (series)),角色,其他,13791,🔥🔥🔥
dungeon meshi,dungeon_meshi,地牢 meshi,dungeon meshi (地牢 meshi),角色,其他,13780,🔥🔥🔥
danganronpa: trigger happy havoc,danganronpa:_trigger_happy_havoc,danganronpa: trigger 开心 havoc,danganronpa: trigger happy havoc (danganronpa: trigger 开心 havoc),角色,表情,13621,🔥🔥🔥
houjuu nue,houjuu_nue,houjuu nue,houjuu nue (houjuu nue),作品/版权,其他,13621,🔥🔥🔥
inazuma (kancolle),inazuma_(kancolle),inazuma (kancolle),inazuma (kancolle) (inazuma (kancolle)),作品/版权,其他,13443,🔥🔥🔥
tokyo afterschool summoners,tokyo_afterschool_summoners,tokyo afterschool summoners,tokyo afterschool summoners (tokyo afterschool summoners),角色,场景,13351,🔥🔥🔥
megurine luka,megurine_luka,megurine luka,megurine luka (megurine luka),作品/版权,其他,13270,🔥🔥🔥
jeanne d'arc alter (fate),jeanne_d'arc_alter_(fate),jeanne d'arc alter (fate),jeanne d'arc alter (fate) (jeanne d'arc alter (fate)),作品/版权,其他,13182,🔥🔥🔥
inkling girl,inkling_girl,inkling girl,inkling girl (inkling girl),作品/版权,其他,13109,🔥🔥🔥
go-toubun no hanayome,go-toubun_no_hanayome,go-toubun no hanayome,go-toubun no hanayome (go-toubun no hanayome),角色,其他,13072,🔥🔥🔥
hoshino (blue archive),hoshino_(blue_archive),hoshino (blue archive),hoshino (blue archive) (hoshino (blue archive)),作品/版权,其他,12966,🔥🔥🔥
dragon ball z,dragon_ball_z,龙 ball z,dragon ball z (龙 ball z),角色,其他,12926,🔥🔥🔥
aether (genshin impact),aether_(genshin_impact),aether (genshin impact),aether (genshin impact) (aether (genshin impact)),作品/版权,其他,12905,🔥🔥🔥
akagi (kancolle),akagi_(kancolle),akagi (kancolle),akagi (kancolle) (akagi (kancolle)),作品/版权,其他,12862,🔥🔥🔥
furina (genshin impact),furina_(genshin_impact),furina (genshin impact),furina (genshin impact) (furina (genshin impact)),作品/版权,其他,12813,🔥🔥🔥
rio (blue archive),rio_(blue_archive),rio (blue archive),rio (blue archive) (rio (blue archive)),作品/版权,其他,12800,🔥🔥🔥
yagokoro eirin,yagokoro_eirin,yagokoro eirin,yagokoro eirin (yagokoro eirin),作品/版权,其他,12791,🔥🔥🔥
nanami chiaki,nanami_chiaki,nanami chiaki,nanami chiaki (nanami chiaki),作品/版权,其他,12759,🔥🔥🔥
yasaka kanako,yasaka_kanako,yasaka kanako,yasaka kanako (yasaka kanako),作品/版权,其他,12754,🔥🔥🔥
higurashi no naku koro ni,higurashi_no_naku_koro_ni,higurashi no naku koro ni,higurashi no naku koro ni (higurashi no naku koro ni),角色,其他,12704,🔥🔥🔥
wanderer (genshin impact),wanderer_(genshin_impact),wanderer (genshin impact),wanderer (genshin impact) (wanderer (genshin impact)),作品/版权,其他,12677,🔥🔥🔥
mizuhashi parsee,mizuhashi_parsee,mizuhashi parsee,mizuhashi parsee (mizuhashi parsee),作品/版权,其他,12673,🔥🔥🔥
akemi homura (magical girl),akemi_homura_(magical_girl),akemi homura (magical girl),akemi homura (magical girl) (akemi homura (magical girl)),作品/版权,其他,12636,🔥🔥🔥
trainer (umamusume),trainer_(umamusume),trainer (umamusume),trainer (umamusume) (trainer (umamusume)),作品/版权,其他,12581,🔥🔥🔥
stardust crusaders,stardust_crusaders,stardust crusaders,stardust crusaders (stardust crusaders),角色,表情,12554,🔥🔥🔥
magia record: mahou shoujo madoka magica gaiden,magia_record:_mahou_shoujo_madoka_magica_gaiden,magia record: mahou shoujo madoka magica gaiden,magia record: mahou shoujo madoka magica gaiden (magia record: mahou shoujo madoka magica gaiden),角色,其他,12501,🔥🔥🔥
abigail williams (fate),abigail_williams_(fate),abigail williams (fate),abigail williams (fate) (abigail williams (fate)),作品/版权,其他,12457,🔥🔥🔥
darkstalkers,darkstalkers,darkstalkers,darkstalkers (darkstalkers),角色,其他,12344,🔥🔥🔥
ouro kronii,ouro_kronii,ouro kronii,ouro kronii (ouro kronii),作品/版权,其他,12197,🔥🔥🔥
fire emblem engage,fire_emblem_engage,火 emblem engage,fire emblem engage (火 emblem engage),角色,其他,12152,🔥🔥🔥
rwby,rwby,rwby,rwby (rwby),角色,其他,12141,🔥🔥🔥
fubuki (kancolle),fubuki_(kancolle),fubuki (kancolle),fubuki (kancolle) (fubuki (kancolle)),作品/版权,其他,12124,🔥🔥🔥
nahida (genshin impact),nahida_(genshin_impact),nahida (genshin impact),nahida (genshin impact) (nahida (genshin impact)),作品/版权,其他,12067,🔥🔥🔥
assault lily,assault_lily,assault lily,assault lily (assault lily),角色,其他,12028,🔥🔥🔥
pokemon bw2,pokemon_bw2,pokemon bw2,pokemon bw2 (pokemon bw2),角色,其他,12023,🔥🔥🔥
agnes tachyon (umamusume),agnes_tachyon_(umamusume),agnes tachyon (umamusume),agnes tachyon (umamusume) (agnes tachyon (umamusume)),作品/版权,其他,12019,🔥🔥🔥
mahou shoujo lyrical nanoha,mahou_shoujo_lyrical_nanoha,mahou shoujo lyrical nanoha,mahou shoujo lyrical nanoha (mahou shoujo lyrical nanoha),角色,其他,12003,🔥🔥🔥
yuudachi (kancolle),yuudachi_(kancolle),yuudachi (kancolle),yuudachi (kancolle) (yuudachi (kancolle)),作品/版权,其他,12001,🔥🔥🔥
blazblue,blazblue,blazblue,blazblue (blazblue),角色,其他,11998,🔥🔥🔥
elden ring,elden_ring,elden 戒指,elden ring (elden 戒指),角色,其他,11981,🔥🔥🔥
mahou shoujo lyrical nanoha strikers,mahou_shoujo_lyrical_nanoha_strikers,mahou shoujo lyrical nanoha strikers,mahou shoujo lyrical nanoha strikers (mahou shoujo lyrical nanoha strikers),角色,其他,11937,🔥🔥🔥
usami renko,usami_renko,usami renko,usami renko (usami renko),作品/版权,其他,11929,🔥🔥🔥
tenryuu (kancolle),tenryuu_(kancolle),tenryuu (kancolle),tenryuu (kancolle) (tenryuu (kancolle)),作品/版权,其他,11920,🔥🔥🔥
yae miko,yae_miko,yae miko,yae miko (yae miko),作品/版权,其他,11905,🔥🔥🔥
dc comics,dc_comics,dc comics,dc comics (dc comics),角色,其他,11859,🔥🔥🔥
idolmaster million live! theater days,idolmaster_million_live!_theater_days,idolmaster million live! theater days,idolmaster million live! theater days (idolmaster million live! theater days),角色,场景,11785,🔥🔥🔥
kagiyama hina,kagiyama_hina,kagiyama hina,kagiyama hina (kagiyama hina),作品/版权,其他,11772,🔥🔥🔥
cookie (touhou),cookie_(touhou),cookie (touhou),cookie (touhou) (cookie (touhou)),角色,其他,11758,🔥🔥🔥
kamen rider,kamen_rider,kamen rider,kamen rider (kamen rider),角色,其他,11698,🔥🔥🔥
2b (nier:automata),2b_(nier:automata),2b (nier:automata),2b (nier:automata) (2b (nier:automata)),作品/版权,其他,11697,🔥🔥🔥
monster hunter (series),monster_hunter_(series),monster hunter (series),monster hunter (series) (monster hunter (series)),角色,其他,11670,🔥🔥🔥
mori calliope,mori_calliope,mori calliope,mori calliope (mori calliope),作品/版权,其他,11644,🔥🔥🔥
umineko no naku koro ni,umineko_no_naku_koro_ni,umineko no naku koro ni,umineko no naku koro ni (umineko no naku koro ni),角色,其他,11629,🔥🔥🔥
inazuma eleven (series),inazuma_eleven_(series),inazuma eleven (series),inazuma eleven (series) (inazuma eleven (series)),角色,其他,11610,🔥🔥🔥
fate/kaleid liner prisma illya,fate/kaleid_liner_prisma_illya,fate/kaleid liner prisma illya,fate/kaleid liner prisma illya (fate/kaleid liner prisma illya),角色,其他,11589,🔥🔥🔥
stelle (honkai: star rail),stelle_(honkai:_star_rail),stelle (honkai: 星星 rail),stelle (honkai: star rail) (stelle (honkai: 星星 rail)),作品/版权,其他,11585,🔥🔥🔥
rebuild of evangelion,rebuild_of_evangelion,rebuild of evangelion,rebuild of evangelion (rebuild of evangelion),角色,其他,11569,🔥🔥🔥
doctor (arknights),doctor_(arknights),医生 (arknights),doctor (arknights) (医生 (arknights)),作品/版权,场景,11528,🔥🔥🔥
vspo!,vspo!,vspo!,vspo! (vspo!),角色,其他,11504,🔥🔥🔥
maribel hearn,maribel_hearn,maribel hearn,maribel hearn (maribel hearn),作品/版权,角色特征,11446,🔥🔥🔥
elysia (honkai impact),elysia_(honkai_impact),elysia (honkai impact),elysia (honkai impact) (elysia (honkai impact)),作品/版权,其他,11443,🔥🔥🔥
shigure kai ni (kancolle),shigure_kai_ni_(kancolle),shigure kai ni (kancolle),shigure kai ni (kancolle) (shigure kai ni (kancolle)),作品/版权,其他,11441,🔥🔥🔥
ikazuchi (kancolle),ikazuchi_(kancolle),ikazuchi (kancolle),ikazuchi (kancolle) (ikazuchi (kancolle)),作品/版权,其他,11319,🔥🔥🔥
gundam suisei no majo,gundam_suisei_no_majo,gundam suisei no majo,gundam suisei no majo (gundam suisei no majo),角色,其他,11253,🔥🔥🔥
pokemon xy,pokemon_xy,pokemon xy,pokemon xy (pokemon xy),角色,其他,11226,🔥🔥🔥
ninomae ina'nis,ninomae_ina'nis,ninomae ina'nis,ninomae ina'nis (ninomae ina'nis),作品/版权,其他,11203,🔥🔥🔥
pokemon legends: z-a,pokemon_legends:_z-a,pokemon legends: z-a,pokemon legends: z-a (pokemon legends: z-a),角色,其他,11145,🔥🔥🔥
super smash bros.,super_smash_bros.,super smash bros.,super smash bros. (super smash bros.),角色,其他,11136,🔥🔥🔥
usada pekora,usada_pekora,usada pekora,usada pekora (usada pekora),作品/版权,表情,11126,🔥🔥🔥
girls band cry,girls_band_cry,girls band cry,girls band cry (girls band cry),角色,表情,11121,🔥🔥🔥
toyosatomimi no miko,toyosatomimi_no_miko,toyosatomimi no miko,toyosatomimi no miko (toyosatomimi no miko),作品/版权,其他,11104,🔥🔥🔥
rozen maiden,rozen_maiden,rozen maiden,rozen maiden (rozen maiden),角色,其他,11034,🔥🔥🔥
senki zesshou symphogear,senki_zesshou_symphogear,senki zesshou symphogear,senki zesshou symphogear (senki zesshou symphogear),角色,角色特征,11012,🔥🔥🔥
nero claudius (fate),nero_claudius_(fate),nero claudius (fate),nero claudius (fate) (nero claudius (fate)),作品/版权,其他,11002,🔥🔥🔥
eiyuu densetsu,eiyuu_densetsu,eiyuu densetsu,eiyuu densetsu (eiyuu densetsu),角色,其他,10982,🔥🔥🔥
manhattan cafe (umamusume),manhattan_cafe_(umamusume),manhattan 咖啡馆 (umamusume),manhattan cafe (umamusume) (manhattan 咖啡馆 (umamusume)),作品/版权,服饰,10959,🔥🔥🔥
toki (blue archive),toki_(blue_archive),toki (blue archive),toki (blue archive) (toki (blue archive)),作品/版权,其他,10937,🔥🔥🔥
tengen toppa gurren lagann,tengen_toppa_gurren_lagann,tengen toppa gurren lagann,tengen toppa gurren lagann (tengen toppa gurren lagann),角色,其他,10838,🔥🔥🔥
ensemble stars!,ensemble_stars!,ensemble stars!,ensemble stars! (ensemble stars!),角色,其他,10836,🔥🔥🔥
aerith gainsborough,aerith_gainsborough,aerith gainsborough,aerith gainsborough (aerith gainsborough),作品/版权,其他,10829,🔥🔥🔥
producer (idolmaster),producer_(idolmaster),producer (idolmaster),producer (idolmaster) (producer (idolmaster)),作品/版权,其他,10805,🔥🔥🔥
yor briar,yor_briar,yor briar,yor briar (yor briar),作品/版权,其他,10786,🔥🔥🔥
suzumiya haruhi,suzumiya_haruhi,suzumiya haruhi,suzumiya haruhi (suzumiya haruhi),作品/版权,其他,10762,🔥🔥🔥
manjuu (azur lane),manjuu_(azur_lane),manjuu (azur lane),manjuu (azur lane) (manjuu (azur lane)),作品/版权,其他,10720,🔥🔥🔥
nekomata okayu,nekomata_okayu,nekomata okayu,nekomata okayu (nekomata okayu),作品/版权,其他,10703,🔥🔥🔥
hamakaze (kancolle),hamakaze_(kancolle),hamakaze (kancolle),hamakaze (kancolle) (hamakaze (kancolle)),作品/版权,其他,10684,🔥🔥🔥
daiyousei,daiyousei,daiyousei,daiyousei (daiyousei),作品/版权,其他,10658,🔥🔥🔥
zuikaku (kancolle),zuikaku_(kancolle),zuikaku (kancolle),zuikaku (kancolle) (zuikaku (kancolle)),作品/版权,其他,10614,🔥🔥🔥
illyasviel von einzbern,illyasviel_von_einzbern,illyasviel von einzbern,illyasviel von einzbern (illyasviel von einzbern),作品/版权,其他,10608,🔥🔥🔥
shiroko (blue archive),shiroko_(blue_archive),shiroko (blue archive),shiroko (blue archive) (shiroko (blue archive)),作品/版权,其他,10601,🔥🔥🔥
akatsuki (kancolle),akatsuki_(kancolle),akatsuki (kancolle),akatsuki (kancolle) (akatsuki (kancolle)),作品/版权,其他,10583,🔥🔥🔥
amiya (arknights),amiya_(arknights),amiya (arknights),amiya (arknights) (amiya (arknights)),作品/版权,场景,10509,🔥🔥🔥
akiyama mio,akiyama_mio,akiyama mio,akiyama mio (akiyama mio),作品/版权,其他,10432,🔥🔥🔥
macross,macross,macross,macross (macross),角色,其他,10431,🔥🔥🔥
the legend of zelda: breath of the wild,the_legend_of_zelda:_breath_of_the_wild,the legend of zelda: breath of the wild,the legend of zelda: breath of the wild (the legend of zelda: breath of the wild),角色,其他,10375,🔥🔥🔥
atelier (series),atelier_(series),atelier (series),atelier (series) (atelier (series)),角色,其他,10338,🔥🔥🔥
hoshiguma yuugi,hoshiguma_yuugi,hoshiguma yuugi,hoshiguma yuugi (hoshiguma yuugi),作品/版权,其他,10327,🔥🔥🔥
onii-chan wa oshimai!,onii-chan_wa_oshimai!,onii-chan wa oshimai!,onii-chan wa oshimai! (onii-chan wa oshimai!),角色,其他,10304,🔥🔥🔥
kisaki (blue archive),kisaki_(blue_archive),kisaki (blue archive),kisaki (blue archive) (kisaki (blue archive)),作品/版权,其他,10285,🔥🔥🔥
nishizumi miho,nishizumi_miho,nishizumi miho,nishizumi miho (nishizumi miho),作品/版权,其他,10281,🔥🔥🔥
tohsaka rin,tohsaka_rin,tohsaka rin,tohsaka rin (tohsaka rin),作品/版权,其他,10250,🔥🔥🔥
misaka mikoto,misaka_mikoto,misaka mikoto,misaka mikoto (misaka mikoto),作品/版权,其他,10240,🔥🔥🔥
haruna (kancolle),haruna_(kancolle),haruna (kancolle),haruna (kancolle) (haruna (kancolle)),作品/版权,其他,10222,🔥🔥🔥
hololive indonesia,hololive_indonesia,hololive indonesia,hololive indonesia (hololive indonesia),角色,其他,10206,🔥🔥🔥
vento aureo,vento_aureo,vento aureo,vento aureo (vento aureo),角色,其他,10190,🔥🔥🔥
cardcaptor sakura,cardcaptor_sakura,cardcaptor sakura,cardcaptor sakura (cardcaptor sakura),角色,其他,10184,🔥🔥🔥
mononobe no futo,mononobe_no_futo,mononobe no futo,mononobe no futo (mononobe no futo),作品/版权,其他,10128,🔥🔥🔥
ranma 1/2,ranma_1/2,ranma 1/2,ranma 1/2 (ranma 1/2),角色,其他,10068,🔥🔥🔥
mari (blue archive),mari_(blue_archive),mari (blue archive),mari (blue archive) (mari (blue archive)),作品/版权,其他,10057,🔥🔥🔥
axis powers hetalia,axis_powers_hetalia,axis powers hetalia,axis powers hetalia (axis powers hetalia),角色,其他,10034,🔥🔥🔥
wriggle nightbug,wriggle_nightbug,wriggle nightbug,wriggle nightbug (wriggle nightbug),作品/版权,场景,10000,🔥🔥
makima (chainsaw man),makima_(chainsaw_man),makima (chainsaw man),makima (chainsaw man) (makima (chainsaw man)),作品/版权,其他,9968,🔥🔥
kirby,kirby,kirby,kirby (kirby),作品/版权,其他,9962,🔥🔥
zhongli (genshin impact),zhongli_(genshin_impact),zhongli (genshin impact),zhongli (genshin impact) (zhongli (genshin impact)),作品/版权,其他,9947,🔥🔥
ayanami rei,ayanami_rei,ayanami rei,ayanami rei (ayanami rei),作品/版权,其他,9947,🔥🔥
shiki eiki,shiki_eiki,shiki eiki,shiki eiki (shiki eiki),作品/版权,其他,9946,🔥🔥
kaname madoka (magical girl),kaname_madoka_(magical_girl),kaname madoka (magical girl),kaname madoka (magical girl) (kaname madoka (magical girl)),作品/版权,其他,9929,🔥🔥
morichika rinnosuke,morichika_rinnosuke,morichika rinnosuke,morichika rinnosuke (morichika rinnosuke),作品/版权,其他,9917,🔥🔥
guilty gear strive,guilty_gear_strive,guilty gear strive,guilty gear strive (guilty gear strive),角色,角色特征,9909,🔥🔥
aris (blue archive),aris_(blue_archive),aris (blue archive),aris (blue archive) (aris (blue archive)),作品/版权,其他,9906,🔥🔥
onozuka komachi,onozuka_komachi,onozuka komachi,onozuka komachi (onozuka komachi),作品/版权,其他,9886,🔥🔥
megumin,megumin,megumin,megumin (megumin),作品/版权,其他,9884,🔥🔥
naruto (classic),naruto_(classic),naruto (classic),naruto (classic) (naruto (classic)),角色,其他,9875,🔥🔥
shanghai doll,shanghai_doll,shanghai doll,shanghai doll (shanghai doll),作品/版权,其他,9869,🔥🔥
kashima (kancolle),kashima_(kancolle),kashima (kancolle),kashima (kancolle) (kashima (kancolle)),作品/版权,其他,9856,🔥🔥
yuudachi kai ni (kancolle),yuudachi_kai_ni_(kancolle),yuudachi kai ni (kancolle),yuudachi kai ni (kancolle) (yuudachi kai ni (kancolle)),作品/版权,其他,9802,🔥🔥
pretty series,pretty_series,pretty series,pretty series (pretty series),角色,其他,9770,🔥🔥
fate testarossa,fate_testarossa,fate testarossa,fate testarossa (fate testarossa),作品/版权,其他,9770,🔥🔥
nagato (kancolle),nagato_(kancolle),nagato (kancolle),nagato (kancolle) (nagato (kancolle)),作品/版权,其他,9769,🔥🔥
kayoko (blue archive),kayoko_(blue_archive),kayoko (blue archive),kayoko (blue archive) (kayoko (blue archive)),作品/版权,其他,9757,🔥🔥
kazusa (blue archive),kazusa_(blue_archive),kazusa (blue archive),kazusa (blue archive) (kazusa (blue archive)),作品/版权,其他,9737,🔥🔥
takanashi kiara,takanashi_kiara,takanashi kiara,takanashi kiara (takanashi kiara),作品/版权,其他,9728,🔥🔥
battle tendency,battle_tendency,battle tendency,battle tendency (battle tendency),角色,其他,9726,🔥🔥
rem (re:zero),rem_(re:zero),rem (re:zero),rem (re:zero) (rem (re:zero)),作品/版权,其他,9718,🔥🔥
sakura miko,sakura_miko,sakura miko,sakura miko (sakura miko),作品/版权,其他,9678,🔥🔥
resident evil,resident_evil,resident evil,resident evil (resident evil),角色,其他,9659,🔥🔥
lycoris recoil,lycoris_recoil,lycoris recoil,lycoris recoil (lycoris recoil),角色,画风,9638,🔥🔥
imaizumi kagerou,imaizumi_kagerou,imaizumi kagerou,imaizumi kagerou (imaizumi kagerou),作品/版权,其他,9621,🔥🔥
togawa sakiko,togawa_sakiko,togawa sakiko,togawa sakiko (togawa sakiko),作品/版权,其他,9614,🔥🔥
fate/extra ccc,fate/extra_ccc,fate/extra ccc,fate/extra ccc (fate/extra ccc),角色,其他,9613,🔥🔥
last origin,last_origin,last origin,last origin (last origin),角色,其他,9522,🔥🔥
nikki (series),nikki_(series),nikki (series),nikki (series) (nikki (series)),角色,其他,9481,🔥🔥
mona (genshin impact),mona_(genshin_impact),mona (genshin impact),mona (genshin impact) (mona (genshin impact)),作品/版权,其他,9377,🔥🔥
smile precure!,smile_precure!,微笑 precure!,smile precure! (微笑 precure!),角色,表情,9370,🔥🔥
oma kokichi,oma_kokichi,oma kokichi,oma kokichi (oma kokichi),作品/版权,其他,9352,🔥🔥
tokoyami towa,tokoyami_towa,tokoyami towa,tokoyami towa (tokoyami towa),作品/版权,其他,9343,🔥🔥
pokemon masters ex,pokemon_masters_ex,pokemon masters ex,pokemon masters ex (pokemon masters ex),角色,其他,9342,🔥🔥
minato aqua,minato_aqua,minato aqua,minato aqua (minato aqua),作品/版权,其他,9305,🔥🔥
nami (one piece),nami_(one_piece),nami (one piece),nami (one piece) (nami (one piece)),作品/版权,其他,9296,🔥🔥
nanashi mumei,nanashi_mumei,nanashi mumei,nanashi mumei (nanashi mumei),作品/版权,其他,9289,🔥🔥
chihaya anon,chihaya_anon,chihaya anon,chihaya anon (chihaya anon),作品/版权,其他,9285,🔥🔥
scathach (fate),scathach_(fate),scathach (fate),scathach (fate) (scathach (fate)),作品/版权,其他,9273,🔥🔥
koharu (blue archive),koharu_(blue_archive),koharu (blue archive),koharu (blue archive) (koharu (blue archive)),作品/版权,其他,9269,🔥🔥
suzuya (kancolle),suzuya_(kancolle),suzuya (kancolle),suzuya (kancolle) (suzuya (kancolle)),作品/版权,其他,9235,🔥🔥
yuzuki yukari,yuzuki_yukari,yuzuki yukari,yuzuki yukari (yuzuki yukari),作品/版权,其他,9164,🔥🔥
pokemon hgss,pokemon_hgss,pokemon hgss,pokemon hgss (pokemon hgss),角色,其他,9152,🔥🔥
nagato yuki,nagato_yuki,nagato yuki,nagato yuki (nagato yuki),作品/版权,其他,9149,🔥🔥
nakano azusa,nakano_azusa,nakano azusa,nakano azusa (nakano azusa),作品/版权,其他,9131,🔥🔥
kyubey,kyubey,kyubey,kyubey (kyubey),作品/版权,其他,9130,🔥🔥
gold ship (umamusume),gold_ship_(umamusume),gold 船 (umamusume),gold ship (umamusume) (gold 船 (umamusume)),作品/版权,其他,9081,🔥🔥
naruto shippuuden,naruto_shippuuden,naruto shippuuden,naruto shippuuden (naruto shippuuden),角色,其他,9067,🔥🔥
pokemon legends: arceus,pokemon_legends:_arceus,pokemon legends: arceus,pokemon legends: arceus (pokemon legends: arceus),角色,其他,9049,🔥🔥
splatoon 3,splatoon_3,splatoon 3,splatoon 3 (splatoon 3),角色,其他,8997,🔥🔥
dawn (pokemon),dawn_(pokemon),dawn (pokemon),dawn (pokemon) (dawn (pokemon)),作品/版权,其他,8981,🔥🔥
alien stage,alien_stage,alien stage,alien stage (alien stage),角色,其他,8946,🔥🔥
tamamo no mae (fate),tamamo_no_mae_(fate),tamamo no mae (fate),tamamo no mae (fate) (tamamo no mae (fate)),作品/版权,其他,8938,🔥🔥
pyra (xenoblade),pyra_(xenoblade),pyra (xenoblade),pyra (xenoblade) (pyra (xenoblade)),作品/版权,其他,8909,🔥🔥
oshi no ko,oshi_no_ko,oshi no ko,oshi no ko (oshi no ko),角色,其他,8864,🔥🔥
ryuujou (kancolle),ryuujou_(kancolle),ryuujou (kancolle),ryuujou (kancolle) (ryuujou (kancolle)),作品/版权,其他,8834,🔥🔥
tomoe mami (magical girl),tomoe_mami_(magical_girl),tomoe mami (magical girl),tomoe mami (magical girl) (tomoe mami (magical girl)),作品/版权,其他,8808,🔥🔥
hirasawa yui,hirasawa_yui,hirasawa yui,hirasawa yui (hirasawa yui),作品/版权,其他,8778,🔥🔥
lillie (pokemon),lillie_(pokemon),lillie (pokemon),lillie (pokemon) (lillie (pokemon)),作品/版权,其他,8775,🔥🔥
march 7th (honkai: star rail),march_7th_(honkai:_star_rail),march 7th (honkai: 星星 rail),march 7th (honkai: star rail) (march 7th (honkai: 星星 rail)),作品/版权,其他,8767,🔥🔥
rice shower (umamusume),rice_shower_(umamusume),rice shower (umamusume),rice shower (umamusume) (rice shower (umamusume)),作品/版权,其他,8721,🔥🔥
yuruyuri,yuruyuri,yuruyuri,yuruyuri (yuruyuri),角色,其他,8713,🔥🔥
toramaru shou,toramaru_shou,toramaru shou,toramaru shou (toramaru shou),作品/版权,其他,8669,🔥🔥
kita ikuyo,kita_ikuyo,kita ikuyo,kita ikuyo (kita ikuyo),作品/版权,其他,8645,🔥🔥
fern (sousou no frieren),fern_(sousou_no_frieren),fern (sousou no frieren),fern (sousou no frieren) (fern (sousou no frieren)),作品/版权,其他,8594,🔥🔥
the legend of zelda: tears of the kingdom,the_legend_of_zelda:_tears_of_the_kingdom,the legend of zelda: tears of the kingdom,the legend of zelda: tears of the kingdom (the legend of zelda: tears of the kingdom),角色,角色特征,8562,🔥🔥
chun-li,chun-li,chun-li,chun-li (chun-li),作品/版权,其他,8546,🔥🔥
phainon (honkai: star rail),phainon_(honkai:_star_rail),phainon (honkai: 星星 rail),phainon (honkai: star rail) (phainon (honkai: 星星 rail)),作品/版权,其他,8535,🔥🔥
arknights: endfield,arknights:_endfield,arknights: endfield,arknights: endfield (arknights: endfield),角色,场景,8530,🔥🔥
panty & stocking with garterbelt,panty_&_stocking_with_garterbelt,panty & stocking with garterbelt,panty & stocking with garterbelt (panty & stocking with garterbelt),角色,画风,8523,🔥🔥
matoi ryuuko,matoi_ryuuko,matoi ryuuko,matoi ryuuko (matoi ryuuko),作品/版权,其他,8516,🔥🔥
helltaker,helltaker,helltaker,helltaker (helltaker),角色,其他,8515,🔥🔥
himekaidou hatate,himekaidou_hatate,himekaidou hatate,himekaidou hatate (himekaidou hatate),作品/版权,服饰,8512,🔥🔥
jeanne d'arc (fate),jeanne_d'arc_(fate),jeanne d'arc (fate),jeanne d'arc (fate) (jeanne d'arc (fate)),作品/版权,其他,8482,🔥🔥
kaito (vocaloid),kaito_(vocaloid),kaito (vocaloid),kaito (vocaloid) (kaito (vocaloid)),作品/版权,其他,8474,🔥🔥
kobayashi-san chi no maidragon,kobayashi-san_chi_no_maidragon,kobayashi-san chi no maidragon,kobayashi-san chi no maidragon (kobayashi-san chi no maidragon),角色,其他,8453,🔥🔥
kinomoto sakura,kinomoto_sakura,kinomoto sakura,kinomoto sakura (kinomoto sakura),作品/版权,其他,8396,🔥🔥
aikatsu! (series),aikatsu!_(series),aikatsu! (series),aikatsu! (series) (aikatsu! (series)),角色,其他,8375,🔥🔥
one-punch man,one-punch_man,one-punch man,one-punch man (one-punch man),角色,其他,8354,🔥🔥
miki sayaka (magical girl),miki_sayaka_(magical_girl),miki sayaka (magical girl),miki sayaka (magical girl) (miki sayaka (magical girl)),作品/版权,其他,8326,🔥🔥
reze (chainsaw man),reze_(chainsaw_man),reze (chainsaw man),reze (chainsaw man) (reze (chainsaw man)),作品/版权,其他,8323,🔥🔥
senran kagura new wave,senran_kagura_new_wave,senran kagura new wave,senran kagura new wave (senran kagura new wave),角色,其他,8290,🔥🔥
keqing (genshin impact),keqing_(genshin_impact),keqing (genshin impact),keqing (genshin impact) (keqing (genshin impact)),作品/版权,其他,8256,🔥🔥
gridman universe,gridman_universe,gridman 宇宙,gridman universe (gridman 宇宙),角色,其他,8250,🔥🔥
ace attorney,ace_attorney,ace attorney,ace attorney (ace attorney),角色,其他,8248,🔥🔥
serval (kemono friends),serval_(kemono_friends),serval (kemono friends),serval (kemono friends) (serval (kemono friends)),作品/版权,其他,8237,🔥🔥
may (pokemon),may_(pokemon),may (pokemon),may (pokemon) (may (pokemon)),作品/版权,其他,8223,🔥🔥
houshou (kancolle),houshou_(kancolle),houshou (kancolle),houshou (kancolle) (houshou (kancolle)),作品/版权,其他,8216,🔥🔥
nagasaki soyo,nagasaki_soyo,nagasaki soyo,nagasaki soyo (nagasaki soyo),作品/版权,其他,8214,🔥🔥
a.i. voice,a.i._voice,a.i. voice,a.i. voice (a.i. voice),角色,其他,8196,🔥🔥
murasa minamitsu,murasa_minamitsu,murasa minamitsu,murasa minamitsu (murasa minamitsu),作品/版权,其他,8142,🔥🔥
bakemonogatari,bakemonogatari,bakemonogatari,bakemonogatari (bakemonogatari),角色,其他,8132,🔥🔥
undertale,undertale,undertale,undertale (undertale),角色,其他,8122,🔥🔥
takamachi nanoha,takamachi_nanoha,takamachi nanoha,takamachi nanoha (takamachi nanoha),作品/版权,其他,8120,🔥🔥
ellen joe,ellen_joe,ellen joe,ellen joe (ellen joe),作品/版权,其他,8084,🔥🔥
joseph joestar,joseph_joestar,joseph joestar,joseph joestar (joseph joestar),作品/版权,其他,8062,🔥🔥
rosa (pokemon),rosa_(pokemon),rosa (pokemon),rosa (pokemon) (rosa (pokemon)),作品/版权,其他,8059,🔥🔥
pokemon oras,pokemon_oras,pokemon oras,pokemon oras (pokemon oras),角色,其他,8047,🔥🔥
venti (genshin impact),venti_(genshin_impact),venti (genshin impact),venti (genshin impact) (venti (genshin impact)),作品/版权,其他,8023,🔥🔥
kaku seiga,kaku_seiga,kaku seiga,kaku seiga (kaku seiga),作品/版权,其他,8015,🔥🔥
seia (blue archive),seia_(blue_archive),seia (blue archive),seia (blue archive) (seia (blue archive)),作品/版权,其他,8006,🔥🔥
diamond wa kudakenai,diamond_wa_kudakenai,diamond wa kudakenai,diamond wa kudakenai (diamond wa kudakenai),角色,其他,7964,🔥🔥
punishing: gray raven,punishing:_gray_raven,punishing: gray raven,punishing: gray raven (punishing: gray raven),角色,其他,7934,🔥🔥
to heart (series),to_heart_(series),to 心形 (series),to heart (series) (to 心形 (series)),角色,画风,7928,🔥🔥
princess peach,princess_peach,公主 peach,princess peach (公主 peach),作品/版权,其他,7927,🔥🔥
high school dxd,high_school_dxd,high 学校 dxd,high school dxd (high 学校 dxd),角色,场景,7919,🔥🔥
mythra (xenoblade),mythra_(xenoblade),mythra (xenoblade),mythra (xenoblade) (mythra (xenoblade)),作品/版权,其他,7919,🔥🔥
nishikino maki,nishikino_maki,nishikino maki,nishikino maki (nishikino maki),作品/版权,其他,7910,🔥🔥
texas (arknights),texas_(arknights),texas (arknights),texas (arknights) (texas (arknights)),作品/版权,场景,7909,🔥🔥
gilgamesh (fate),gilgamesh_(fate),gilgamesh (fate),gilgamesh (fate) (gilgamesh (fate)),作品/版权,其他,7871,🔥🔥
hololive dev is,hololive_dev_is,hololive dev is,hololive dev is (hololive dev is),角色,其他,7855,🔥🔥
nishikigi chisato,nishikigi_chisato,nishikigi chisato,nishikigi chisato (nishikigi chisato),作品/版权,其他,7853,🔥🔥
karin (blue archive),karin_(blue_archive),karin (blue archive),karin (blue archive) (karin (blue archive)),作品/版权,其他,7846,🔥🔥
metroid,metroid,metroid,metroid (metroid),角色,其他,7843,🔥🔥
marnie (pokemon),marnie_(pokemon),marnie (pokemon),marnie (pokemon) (marnie (pokemon)),作品/版权,其他,7833,🔥🔥
daiwa scarlet (umamusume),daiwa_scarlet_(umamusume),daiwa scarlet (umamusume),daiwa scarlet (umamusume) (daiwa scarlet (umamusume)),作品/版权,其他,7791,🔥🔥
paimon (genshin impact),paimon_(genshin_impact),paimon (genshin impact),paimon (genshin impact) (paimon (genshin impact)),作品/版权,其他,7780,🔥🔥
kafuu chino,kafuu_chino,kafuu chino,kafuu chino (kafuu chino),作品/版权,其他,7778,🔥🔥
okita souji (fate),okita_souji_(fate),okita souji (fate),okita souji (fate) (okita souji (fate)),作品/版权,其他,7753,🔥🔥
ore no imouto ga konna ni kawaii wake ga nai,ore_no_imouto_ga_konna_ni_kawaii_wake_ga_nai,ore no imouto ga konna ni kawaii wake ga nai,ore no imouto ga konna ni kawaii wake ga nai (ore no imouto ga konna ni kawaii wake ga nai),角色,其他,7745,🔥🔥
hinoshita kaho,hinoshita_kaho,hinoshita kaho,hinoshita kaho (hinoshita kaho),作品/版权,其他,7723,🔥🔥
mejiro mcqueen (umamusume),mejiro_mcqueen_(umamusume),mejiro mcqueen (umamusume),mejiro mcqueen (umamusume) (mejiro mcqueen (umamusume)),作品/版权,其他,7715,🔥🔥
gundam gquuuuuux,gundam_gquuuuuux,gundam gquuuuuux,gundam gquuuuuux (gundam gquuuuuux),角色,其他,7711,🔥🔥
saki (manga),saki_(manga),saki (manga),saki (manga) (saki (manga)),角色,画风,7706,🔥🔥
love live! superstar!!,love_live!_superstar!!,爱 live! superstar!!,love live! superstar!! (爱 live! superstar!!),角色,其他,7698,🔥🔥
steins;gate,steins;gate,steins;gate,steins;gate (steins;gate),角色,其他,7687,🔥🔥
saihara shuichi,saihara_shuichi,saihara shuichi,saihara shuichi (saihara shuichi),作品/版权,其他,7638,🔥🔥
sonoda umi,sonoda_umi,sonoda umi,sonoda umi (sonoda umi),作品/版权,其他,7634,🔥🔥
tojo nozomi,tojo_nozomi,tojo nozomi,tojo nozomi (tojo nozomi),作品/版权,其他,7634,🔥🔥
street fighter 6,street_fighter_6,街道 fighter 6,street fighter 6 (街道 fighter 6),角色,其他,7628,🔥🔥
amatsukaze (kancolle),amatsukaze_(kancolle),amatsukaze (kancolle),amatsukaze (kancolle) (amatsukaze (kancolle)),作品/版权,其他,7619,🔥🔥
caelus (honkai: star rail),caelus_(honkai:_star_rail),caelus (honkai: 星星 rail),caelus (honkai: star rail) (caelus (honkai: 星星 rail)),作品/版权,其他,7608,🔥🔥
suletta mercury,suletta_mercury,suletta mercury,suletta mercury (suletta mercury),作品/版权,其他,7607,🔥🔥
hata no kokoro,hata_no_kokoro,hata no kokoro,hata no kokoro (hata no kokoro),作品/版权,服饰,7596,🔥🔥
murakumo (kancolle),murakumo_(kancolle),murakumo (kancolle),murakumo (kancolle) (murakumo (kancolle)),作品/版权,其他,7572,🔥🔥
hunter x hunter,hunter_x_hunter,hunter x hunter,hunter x hunter (hunter x hunter),角色,其他,7564,🔥🔥
girls' frontline 2: exilium,girls'_frontline_2:_exilium,girls' frontline 2: exilium,girls' frontline 2: exilium (girls' frontline 2: exilium),角色,其他,7560,🔥🔥
hilda (pokemon),hilda_(pokemon),hilda (pokemon),hilda (pokemon) (hilda (pokemon)),作品/版权,其他,7526,🔥🔥
kujo jotaro,kujo_jotaro,kujo jotaro,kujo jotaro (kujo jotaro),作品/版权,其他,7521,🔥🔥
shuten douji (fate),shuten_douji_(fate),shuten douji (fate),shuten douji (fate) (shuten douji (fate)),作品/版权,其他,7481,🔥🔥
samus aran,samus_aran,samus aran,samus aran (samus aran),作品/版权,其他,7464,🔥🔥
kafka (honkai: star rail),kafka_(honkai:_star_rail),kafka (honkai: 星星 rail),kafka (honkai: star rail) (kafka (honkai: 星星 rail)),作品/版权,其他,7452,🔥🔥
oyama mahiro,oyama_mahiro,oyama mahiro,oyama mahiro (oyama mahiro),作品/版权,其他,7449,🔥🔥
astolfo (fate),astolfo_(fate),astolfo (fate),astolfo (fate) (astolfo (fate)),作品/版权,其他,7440,🔥🔥
tainaka ritsu,tainaka_ritsu,tainaka ritsu,tainaka ritsu (tainaka ritsu),作品/版权,其他,7436,🔥🔥
amane kanata,amane_kanata,amane kanata,amane kanata (amane kanata),作品/版权,其他,7433,🔥🔥
sanrio,sanrio,sanrio,sanrio (sanrio),角色,其他,7416,🔥🔥
nagae iku,nagae_iku,nagae iku,nagae iku (nagae iku),作品/版权,其他,7413,🔥🔥
emiya shirou,emiya_shirou,emiya shirou,emiya shirou (emiya shirou),作品/版权,其他,7408,🔥🔥
gawr gura (1st costume),gawr_gura_(1st_costume),gawr gura (1st costume),gawr gura (1st costume) (gawr gura (1st costume)),作品/版权,其他,7407,🔥🔥
yamato (kancolle),yamato_(kancolle),yamato (kancolle),yamato (kancolle) (yamato (kancolle)),作品/版权,其他,7399,🔥🔥
pixiv fantasia,pixiv_fantasia,pixiv fantasia,pixiv fantasia (pixiv fantasia),角色,其他,7391,🔥🔥
mushoku tensei,mushoku_tensei,mushoku tensei,mushoku tensei (mushoku tensei),角色,其他,7375,🔥🔥
sono bisque doll wa koi wo suru,sono_bisque_doll_wa_koi_wo_suru,sono bisque doll wa koi wo suru,sono bisque doll wa koi wo suru (sono bisque doll wa koi wo suru),角色,其他,7374,🔥🔥
ushio (kancolle),ushio_(kancolle),ushio (kancolle),ushio (kancolle) (ushio (kancolle)),作品/版权,其他,7361,🔥🔥
tiger & bunny,tiger_&_bunny,tiger & bunny,tiger & bunny (tiger & bunny),角色,其他,7357,🔥🔥
ookami mio,ookami_mio,ookami mio,ookami mio (ookami mio),作品/版权,其他,7356,🔥🔥
fatal fury,fatal_fury,fatal fury,fatal fury (fatal fury),角色,其他,7342,🔥🔥
ibaraki kasen,ibaraki_kasen,ibaraki kasen,ibaraki kasen (ibaraki kasen),作品/版权,其他,7336,🔥🔥
yukikaze (kancolle),yukikaze_(kancolle),yukikaze (kancolle),yukikaze (kancolle) (yukikaze (kancolle)),作品/版权,其他,7332,🔥🔥
yazawa nico,yazawa_nico,yazawa nico,yazawa nico (yazawa nico),作品/版权,其他,7322,🔥🔥
oozora subaru,oozora_subaru,oozora subaru,oozora subaru (oozora subaru),作品/版权,其他,7318,🔥🔥
shibuya rin,shibuya_rin,shibuya rin,shibuya rin (shibuya rin),作品/版权,其他,7310,🔥🔥
plana (blue archive),plana_(blue_archive),plana (blue archive),plana (blue archive) (plana (blue archive)),作品/版权,其他,7294,🔥🔥
miyako yoshika,miyako_yoshika,miyako yoshika,miyako yoshika (miyako yoshika),作品/版权,其他,7274,🔥🔥
apex legends,apex_legends,apex legends,apex legends (apex legends),角色,其他,7270,🔥🔥
hibike! euphonium,hibike!_euphonium,hibike! euphonium,hibike! euphonium (hibike! euphonium),角色,其他,7236,🔥🔥
nanashi inc.,nanashi_inc.,nanashi inc.,nanashi inc. (nanashi inc.),角色,其他,7234,🔥🔥
kemono friends 3,kemono_friends_3,kemono friends 3,kemono friends 3 (kemono friends 3),角色,其他,7194,🔥🔥
heaven burns red,heaven_burns_red,heaven burns red,heaven burns red (heaven burns red),角色,其他,7172,🔥🔥
basil (omori),basil_(omori),basil (omori),basil (omori) (basil (omori)),作品/版权,其他,7171,🔥🔥
warship girls r,warship_girls_r,warship girls r,warship girls r (warship girls r),角色,其他,7170,🔥🔥
noa (blue archive),noa_(blue_archive),noa (blue archive),noa (blue archive) (noa (blue archive)),作品/版权,其他,7168,🔥🔥
ijichi nijika,ijichi_nijika,ijichi nijika,ijichi nijika (ijichi nijika),作品/版权,其他,7161,🔥🔥
spider-man (series),spider-man_(series),spider-man (series),spider-man (series) (spider-man (series)),角色,其他,7158,🔥🔥
to love-ru,to_love-ru,to love-ru,to love-ru (to love-ru),角色,其他,7156,🔥🔥
ayase eli,ayase_eli,ayase eli,ayase eli (ayase eli),作品/版权,其他,7152,🔥🔥
elsword,elsword,elsword,elsword (elsword),角色,其他,7148,🔥🔥
midoriya izuku,midoriya_izuku,midoriya izuku,midoriya izuku (midoriya izuku),作品/版权,其他,7136,🔥🔥
cyrene (honkai: star rail),cyrene_(honkai:_star_rail),cyrene (honkai: 星星 rail),cyrene (honkai: star rail) (cyrene (honkai: 星星 rail)),作品/版权,其他,7136,🔥🔥
cynthia (pokemon),cynthia_(pokemon),cynthia (pokemon),cynthia (pokemon) (cynthia (pokemon)),作品/版权,其他,7118,🔥🔥
kamisato ayaka,kamisato_ayaka,kamisato ayaka,kamisato ayaka (kamisato ayaka),作品/版权,其他,7111,🔥🔥
watson amelia,watson_amelia,watson amelia,watson amelia (watson amelia),作品/版权,其他,7108,🔥🔥
saber alter,saber_alter,saber alter,saber alter (saber alter),作品/版权,其他,7092,🔥🔥
atago (kancolle),atago_(kancolle),atago (kancolle),atago (kancolle) (atago (kancolle)),作品/版权,其他,7081,🔥🔥
rover (wuthering waves),rover_(wuthering_waves),rover (wuthering waves),rover (wuthering waves) (rover (wuthering waves)),作品/版权,其他,7079,🔥🔥
arona (blue archive),arona_(blue_archive),arona (blue archive),arona (blue archive) (arona (blue archive)),作品/版权,其他,7076,🔥🔥
monkey d. luffy,monkey_d._luffy,monkey d. luffy,monkey d. luffy (monkey d. luffy),作品/版权,其他,7064,🔥🔥
komaeda nagito,komaeda_nagito,komaeda nagito,komaeda nagito (komaeda nagito),作品/版权,其他,7051,🔥🔥
belle (zenless zone zero),belle_(zenless_zone_zero),belle (zenless zone zero),belle (zenless zone zero) (belle (zenless zone zero)),作品/版权,其他,7047,🔥🔥
the hundred line -last defense academy-,the_hundred_line_-last_defense_academy-,the hundred line -last defense academy-,the hundred line -last defense academy- (the hundred line -last defense academy-),角色,其他,7039,🔥🔥
sunny (omori),sunny_(omori),sunny (omori),sunny (omori) (sunny (omori)),作品/版权,其他,7036,🔥🔥
momoi (blue archive),momoi_(blue_archive),momoi (blue archive),momoi (blue archive) (momoi (blue archive)),作品/版权,其他,7016,🔥🔥
clownpiece,clownpiece,clownpiece,clownpiece (clownpiece),作品/版权,其他,7004,🔥🔥
kiana kaslana,kiana_kaslana,kiana kaslana,kiana kaslana (kiana kaslana),作品/版权,其他,6990,🔥🔥
iseri nina,iseri_nina,iseri nina,iseri nina (iseri nina),作品/版权,其他,6989,🔥🔥
denji (chainsaw man),denji_(chainsaw_man),denji (chainsaw man),denji (chainsaw man) (denji (chainsaw man)),作品/版权,其他,6982,🔥🔥
tartaglia (genshin impact),tartaglia_(genshin_impact),tartaglia (genshin impact),tartaglia (genshin impact) (tartaglia (genshin impact)),作品/版权,画风,6978,🔥🔥
inazuma eleven go,inazuma_eleven_go,inazuma eleven go,inazuma eleven go (inazuma eleven go),角色,其他,6960,🔥🔥
soga no tojiko,soga_no_tojiko,soga no tojiko,soga no tojiko (soga no tojiko),作品/版权,其他,6954,🔥🔥
twisted wonderland,twisted_wonderland,twisted wonderland,twisted wonderland (twisted wonderland),角色,其他,6938,🔥🔥
adachi rei,adachi_rei,adachi rei,adachi rei (adachi rei),作品/版权,其他,6932,🔥🔥
aru (blue archive),aru_(blue_archive),aru (blue archive),aru (blue archive) (aru (blue archive)),作品/版权,其他,6926,🔥🔥
kasodani kyouko,kasodani_kyouko,kasodani kyouko,kasodani kyouko (kasodani kyouko),作品/版权,其他,6926,🔥🔥
fujishima megumi,fujishima_megumi,fujishima megumi,fujishima megumi (fujishima megumi),作品/版权,其他,6921,🔥🔥
x-men,x-men,x-men,x-men (x-men),角色,其他,6919,🔥🔥
klee (genshin impact),klee_(genshin_impact),klee (genshin impact),klee (genshin impact) (klee (genshin impact)),作品/版权,其他,6907,🔥🔥
shiina taki,shiina_taki,shiina taki,shiina taki (shiina taki),作品/版权,其他,6906,🔥🔥
yukihana lamy,yukihana_lamy,yukihana lamy,yukihana lamy (yukihana lamy),作品/版权,其他,6896,🔥🔥
inugami korone,inugami_korone,inugami korone,inugami korone (inugami korone),作品/版权,其他,6894,🔥🔥
hanako (blue archive),hanako_(blue_archive),hanako (blue archive),hanako (blue archive) (hanako (blue archive)),作品/版权,其他,6889,🔥🔥
kurodani yamame,kurodani_yamame,kurodani yamame,kurodani yamame (kurodani yamame),作品/版权,其他,6877,🔥🔥
akebono (kancolle),akebono_(kancolle),akebono (kancolle),akebono (kancolle) (akebono (kancolle)),作品/版权,其他,6872,🔥🔥
little busters!,little_busters!,little busters!,little busters! (little busters!),角色,其他,6845,🔥🔥
gundam seed,gundam_seed,gundam seed,gundam seed (gundam seed),角色,其他,6828,🔥🔥
dead or alive,dead_or_alive,dead or alive,dead or alive (dead or alive),角色,其他,6827,🔥🔥
kaguya-sama wa kokurasetai ~tensai-tachi no renai zunousen~,kaguya-sama_wa_kokurasetai_~tensai-tachi_no_renai_zunousen~,kaguya-sama wa kokurasetai ~tensai-tachi no renai zunousen~,kaguya-sama wa kokurasetai ~tensai-tachi no renai zunousen~ (kaguya-sama wa kokurasetai ~tensai-tachi no renai zunousen~),角色,其他,6801,🔥🔥
watashi ga motenai no wa dou kangaetemo omaera ga warui!,watashi_ga_motenai_no_wa_dou_kangaetemo_omaera_ga_warui!,watashi ga motenai no wa dou kangaetemo omaera ga warui!,watashi ga motenai no wa dou kangaetemo omaera ga warui! (watashi ga motenai no wa dou kangaetemo omaera ga warui!),角色,其他,6765,🔥🔥
synthesizer v,synthesizer_v,synthesizer v,synthesizer v (synthesizer v),角色,其他,6739,🔥🔥
pokemon frlg,pokemon_frlg,pokemon frlg,pokemon frlg (pokemon frlg),角色,其他,6663,🔥🔥
dungeon ni deai wo motomeru no wa machigatteiru darou ka,dungeon_ni_deai_wo_motomeru_no_wa_machigatteiru_darou_ka,地牢 ni deai wo motomeru no wa machigatteiru darou ka,dungeon ni deai wo motomeru no wa machigatteiru darou ka (地牢 ni deai wo motomeru no wa machigatteiru darou ka),角色,其他,6599,🔥🔥
disgaea,disgaea,disgaea,disgaea (disgaea),角色,其他,6596,🔥🔥
mahou shoujo lyrical nanoha a's,mahou_shoujo_lyrical_nanoha_a's,mahou shoujo lyrical nanoha a's,mahou shoujo lyrical nanoha a's (mahou shoujo lyrical nanoha a's),角色,其他,6587,🔥🔥
tekken,tekken,tekken,tekken (tekken),角色,其他,6458,🔥🔥
black rock shooter,black_rock_shooter,black rock shooter,black rock shooter (black rock shooter),角色,其他,6456,🔥🔥
ebifurya,ebifurya,ebifurya,ebifurya (ebifurya),画师/画风,其他,6454,🔥🔥
ssss.gridman,ssss.gridman,ssss.gridman,ssss.gridman (ssss.gridman),角色,其他,6446,🔥🔥
crote,crote,crote,crote (crote),画师/画风,其他,6434,🔥🔥
splatoon 1,splatoon_1,splatoon 1,splatoon 1 (splatoon 1),角色,其他,6429,🔥🔥
deltarune,deltarune,deltarune,deltarune (deltarune),角色,其他,6422,🔥🔥
dragon ball super,dragon_ball_super,龙 ball super,dragon ball super (龙 ball super),角色,其他,6421,🔥🔥
to heart 2,to_heart_2,to 心形 2,to heart 2 (to 心形 2),角色,画风,6420,🔥🔥
amagami,amagami,amagami,amagami (amagami),角色,其他,6355,🔥🔥
pripara,pripara,pripara,pripara (pripara),角色,其他,6289,🔥🔥
fire emblem: the blazing blade,fire_emblem:_the_blazing_blade,火 emblem: the blazing blade,fire emblem: the blazing blade (火 emblem: the blazing blade),角色,其他,6275,🔥🔥
library of ruina,library_of_ruina,library of ruina,library of ruina (library of ruina),角色,其他,6246,🔥🔥
kingdom hearts,kingdom_hearts,kingdom hearts,kingdom hearts (kingdom hearts),角色,画风,6210,🔥🔥
megami magazine,megami_magazine,megami magazine,megami magazine (megami magazine),角色,其他,6183,🔥🔥
animal crossing,animal_crossing,animal crossing,animal crossing (animal crossing),角色,其他,6173,🔥🔥
clannad,clannad,clannad,clannad (clannad),角色,其他,6172,🔥🔥
kamitsubaki studio,kamitsubaki_studio,kamitsubaki studio,kamitsubaki studio (kamitsubaki studio),角色,其他,6134,🔥🔥
angel beats!,angel_beats!,天使 beats!,angel beats! (天使 beats!),角色,其他,6090,🔥🔥
omniscient reader's viewpoint,omniscient_reader's_viewpoint,omniscient reader's viewpoint,omniscient reader's viewpoint (omniscient reader's viewpoint),角色,构图,6082,🔥🔥
fullmetal alchemist,fullmetal_alchemist,fullmetal alchemist,fullmetal alchemist (fullmetal alchemist),角色,其他,6054,🔥🔥
mahou shoujo madoka magica: hangyaku no monogatari,mahou_shoujo_madoka_magica:_hangyaku_no_monogatari,mahou shoujo madoka magica: hangyaku no monogatari,mahou shoujo madoka magica: hangyaku no monogatari (mahou shoujo madoka magica: hangyaku no monogatari),角色,其他,6027,🔥🔥
aikatsu!,aikatsu!,aikatsu!,aikatsu! (aikatsu!),角色,其他,6011,🔥🔥
new super mario bros. u deluxe,new_super_mario_bros._u_deluxe,new super mario bros. u deluxe,new super mario bros. u deluxe (new super mario bros. u deluxe),角色,其他,5986,🔥🔥
splatoon 2,splatoon_2,splatoon 2,splatoon 2 (splatoon 2),角色,其他,5981,🔥🔥
fire emblem: radiant dawn,fire_emblem:_radiant_dawn,火 emblem: radiant dawn,fire emblem: radiant dawn (火 emblem: radiant dawn),角色,其他,5954,🔥🔥
darling in the franxx,darling_in_the_franxx,darling in the franxx,darling in the franxx (darling in the franxx),角色,其他,5946,🔥🔥
gintama,gintama,gintama,gintama (gintama),角色,其他,5926,🔥🔥
macross frontier,macross_frontier,macross frontier,macross frontier (macross frontier),角色,其他,5926,🔥🔥
gundam 00,gundam_00,gundam 00,gundam 00 (gundam 00),角色,其他,5910,🔥🔥
lobotomy corporation,lobotomy_corporation,lobotomy corporation,lobotomy corporation (lobotomy corporation),角色,其他,5904,🔥🔥
stone ocean,stone_ocean,stone 海洋,stone ocean (stone 海洋),角色,其他,5892,🔥🔥
fire emblem: genealogy of the holy war,fire_emblem:_genealogy_of_the_holy_war,火 emblem: genealogy of the holy war,fire emblem: genealogy of the holy war (火 emblem: genealogy of the holy war),角色,其他,5876,🔥🔥
phantasy star,phantasy_star,phantasy 星星,phantasy star (phantasy 星星),角色,其他,5867,🔥🔥
dandadan,dandadan,dandadan,dandadan (dandadan),角色,其他,5854,🔥🔥
stellive,stellive,stellive,stellive (stellive),角色,其他,5827,🔥🔥
marvel rivals,marvel_rivals,marvel rivals,marvel rivals (marvel rivals),角色,其他,5822,🔥🔥
date a live,date_a_live,date a live,date a live (date a live),角色,其他,5820,🔥🔥
shoujo kageki revue starlight,shoujo_kageki_revue_starlight,shoujo kageki revue starlight,shoujo kageki revue starlight (shoujo kageki revue starlight),角色,其他,5812,🔥🔥
holostars,holostars,holostars,holostars (holostars),角色,其他,5804,🔥🔥
bkub,bkub,bkub,bkub (bkub),画师/画风,其他,5638,🔥🔥
hammer (sunset beach),hammer_(sunset_beach),hammer (sunset beach),hammer (sunset beach) (hammer (sunset beach)),画师/画风,场景,5576,🔥🔥
ruu (tksymkw),ruu_(tksymkw),ruu (tksymkw),ruu (tksymkw) (ruu (tksymkw)),画师/画风,其他,5552,🔥🔥
haruyama kazunori,haruyama_kazunori,haruyama kazunori,haruyama kazunori (haruyama kazunori),画师/画风,其他,5264,🔥🔥
itomugi-kun,itomugi-kun,itomugi-kun,itomugi-kun (itomugi-kun),画师/画风,其他,4892,🔥🔥
kou hiyoyo,kou_hiyoyo,kou hiyoyo,kou hiyoyo (kou hiyoyo),画师/画风,其他,4480,🔥🔥
kanon (kurogane knights),kanon_(kurogane_knights),kanon (kurogane knights),kanon (kurogane knights) (kanon (kurogane knights)),画师/画风,场景,4426,🔥🔥
yaegashi nan,yaegashi_nan,yaegashi nan,yaegashi nan (yaegashi nan),画师/画风,其他,4411,🔥🔥
mizuki hitoshi,mizuki_hitoshi,mizuki hitoshi,mizuki hitoshi (mizuki hitoshi),画师/画风,其他,4358,🔥🔥
kouji (campus life),kouji_(campus_life),kouji (campus life),kouji (campus life) (kouji (campus life)),画师/画风,其他,4336,🔥🔥
rebecca (keinelove),rebecca_(keinelove),rebecca (keinelove),rebecca (keinelove) (rebecca (keinelove)),画师/画风,其他,4272,🔥🔥
inoino,inoino,inoino,inoino (inoino),画师/画风,其他,3892,🔥🔥
naga u,naga_u,naga u,naga u (naga u),画师/画风,其他,3811,🔥🔥
tani takeshi,tani_takeshi,tani takeshi,tani takeshi (tani takeshi),画师/画风,其他,3734,🔥🔥
ojipon,ojipon,ojipon,ojipon (ojipon),画师/画风,其他,3682,🔥🔥
hara (harayutaka),hara_(harayutaka),hara (harayutaka),hara (harayutaka) (hara (harayutaka)),画师/画风,其他,3614,🔥🔥
pageratta,pageratta,pageratta,pageratta (pageratta),画师/画风,其他,3538,🔥🔥
matsunaga kouyou,matsunaga_kouyou,matsunaga kouyou,matsunaga kouyou (matsunaga kouyou),画师/画风,其他,3435,🔥🔥
onikobe rin,onikobe_rin,onikobe rin,onikobe rin (onikobe rin),画师/画风,其他,3278,🔥🔥
hiroki (yyqw7151),hiroki_(yyqw7151),hiroki (yyqw7151),hiroki (yyqw7151) (hiroki (yyqw7151)),画师/画风,其他,3247,🔥🔥
tony taka,tony_taka,tony taka,tony taka (tony taka),画师/画风,其他,3172,🔥🔥
blade (galaxist),blade_(galaxist),blade (galaxist),blade (galaxist) (blade (galaxist)),画师/画风,其他,3161,🔥🔥
bow (bhp),bow_(bhp),蝴蝶结 (bhp),bow (bhp) (蝴蝶结 (bhp)),画师/画风,其他,3157,🔥🔥
a1 (initial-g),a1_(initial-g),a1 (initial-g),a1 (initial-g) (a1 (initial-g)),画师/画风,其他,3077,🔥🔥
futa (nabezoko),futa_(nabezoko),futa (nabezoko),futa (nabezoko) (futa (nabezoko)),画师/画风,其他,3030,🔥🔥
ixy,ixy,ixy,ixy (ixy),画师/画风,其他,3005,🔥🔥
m-da s-tarou,m-da_s-tarou,m-da s-tarou,m-da s-tarou (m-da s-tarou),画师/画风,其他,2934,🔥🔥
ido (teketeke),ido_(teketeke),ido (teketeke),ido (teketeke) (ido (teketeke)),画师/画风,其他,2922,🔥🔥
hana kazari,hana_kazari,hana kazari,hana kazari (hana kazari),画师/画风,其他,2900,🔥🔥
bb (baalbuddy),bb_(baalbuddy),bb (baalbuddy),bb (baalbuddy) (bb (baalbuddy)),画师/画风,其他,2897,🔥🔥
chihuri,chihuri,chihuri,chihuri (chihuri),画师/画风,其他,2862,🔥🔥
matsuo yukihiro,matsuo_yukihiro,matsuo yukihiro,matsuo yukihiro (matsuo yukihiro),画师/画风,其他,2858,🔥🔥
hews,hews,hews,hews (hews),画师/画风,其他,2807,🔥🔥
hungry clicker,hungry_clicker,hungry clicker,hungry clicker (hungry clicker),画师/画风,其他,2800,🔥🔥
hisahiko,hisahiko,hisahiko,hisahiko (hisahiko),画师/画风,其他,2733,🔥🔥
dd (ijigendd),dd_(ijigendd),dd (ijigendd),dd (ijigendd) (dd (ijigendd)),画师/画风,其他,2715,🔥🔥
boris (noborhys),boris_(noborhys),boris (noborhys),boris (noborhys) (boris (noborhys)),画师/画风,其他,2695,🔥🔥
gomashio (goma feet),gomashio_(goma_feet),gomashio (goma feet),gomashio (goma feet) (gomashio (goma feet)),画师/画风,其他,2659,🔥🔥
nyantcha,nyantcha,nyantcha,nyantcha (nyantcha),画师/画风,其他,2654,🔥🔥
kirisawa juuzou,kirisawa_juuzou,kirisawa juuzou,kirisawa juuzou (kirisawa juuzou),画师/画风,其他,2626,🔥🔥
qp:flapper,qp:flapper,qp:flapper,qp:flapper (qp:flapper),画师/画风,其他,2615,🔥🔥
minaba hideo,minaba_hideo,minaba hideo,minaba hideo (minaba hideo),画师/画风,其他,2612,🔥🔥
yohane,yohane,yohane,yohane (yohane),画师/画风,其他,2608,🔥🔥
zounose,zounose,zounose,zounose (zounose),画师/画风,其他,2579,🔥🔥
tsukudani (coke-buta),tsukudani_(coke-buta),tsukudani (coke-buta),tsukudani (coke-buta) (tsukudani (coke-buta)),画师/画风,其他,2577,🔥🔥
namori,namori,namori,namori (namori),画师/画风,其他,2538,🔥🔥
mizumizuni,mizumizuni,mizumizuni,mizumizuni (mizumizuni),画师/画风,其他,2536,🔥🔥
dagasi,dagasi,dagasi,dagasi (dagasi),画师/画风,其他,2518,🔥🔥
carnelian,carnelian,carnelian,carnelian (carnelian),画师/画风,其他,2513,🔥🔥
rariatto (ganguri),rariatto_(ganguri),rariatto (ganguri),rariatto (ganguri) (rariatto (ganguri)),画师/画风,其他,2511,🔥🔥
abubu,abubu,abubu,abubu (abubu),画师/画风,其他,2484,🔥🔥
takafumi,takafumi,takafumi,takafumi (takafumi),画师/画风,其他,2481,🔥🔥
ramchi,ramchi,ramchi,ramchi (ramchi),画师/画风,其他,2469,🔥🔥
warugaki (sk-ii),warugaki_(sk-ii),warugaki (sk-ii),warugaki (sk-ii) (warugaki (sk-ii)),画师/画风,其他,2452,🔥🔥
hamu koutarou,hamu_koutarou,hamu koutarou,hamu koutarou (hamu koutarou),画师/画风,其他,2439,🔥🔥
houtengeki,houtengeki,houtengeki,houtengeki (houtengeki),画师/画风,其他,2437,🔥🔥
kantoku,kantoku,kantoku,kantoku (kantoku),画师/画风,其他,2432,🔥🔥
nanashi (nlo),nanashi_(nlo),nanashi (nlo),nanashi (nlo) (nanashi (nlo)),画师/画风,其他,2423,🔥🔥
kani biimu,kani_biimu,kani biimu,kani biimu (kani biimu),画师/画风,其他,2422,🔥🔥
kato takuji,kato_takuji,kato takuji,kato takuji (kato takuji),画师/画风,其他,2414,🔥🔥
shiseki hirame,shiseki_hirame,shiseki hirame,shiseki hirame (shiseki hirame),画师/画风,其他,2410,🔥🔥
horosuke,horosuke,horosuke,horosuke (horosuke),画师/画风,其他,2396,🔥🔥
drawfag,drawfag,drawfag,drawfag (drawfag),画师/画风,其他,2393,🔥🔥
sincos,sincos,sincos,sincos (sincos),画师/画风,其他,2391,🔥🔥
tsuruse,tsuruse,tsuruse,tsuruse (tsuruse),画师/画风,其他,2374,🔥🔥
avogado6,avogado6,avogado6,avogado6 (avogado6),画师/画风,其他,2370,🔥🔥
slugbox,slugbox,slugbox,slugbox (slugbox),画师/画风,其他,2361,🔥🔥
milkpanda,milkpanda,milkpanda,milkpanda (milkpanda),画师/画风,其他,2323,🔥🔥
hisona (suaritesumi),hisona_(suaritesumi),hisona (suaritesumi),hisona (suaritesumi) (hisona (suaritesumi)),画师/画风,其他,2323,🔥🔥
yukie (kusaka shi),yukie_(kusaka_shi),yukie (kusaka shi),yukie (kusaka shi) (yukie (kusaka shi)),画师/画风,其他,2318,🔥🔥
ichimi,ichimi,ichimi,ichimi (ichimi),画师/画风,其他,2317,🔥🔥
tsukishiro saika,tsukishiro_saika,tsukishiro saika,tsukishiro saika (tsukishiro saika),画师/画风,其他,2315,🔥🔥
iesupa,iesupa,iesupa,iesupa (iesupa),画师/画风,其他,2301,🔥🔥
neocoill,neocoill,neocoill,neocoill (neocoill),画师/画风,画风,2256,🔥🔥
koyama shigeru,koyama_shigeru,koyama shigeru,koyama shigeru (koyama shigeru),画师/画风,其他,2238,🔥🔥
yua (checkmate),yua_(checkmate),yua (checkmate),yua (checkmate) (yua (checkmate)),画师/画风,其他,2235,🔥🔥
sofra,sofra,sofra,sofra (sofra),画师/画风,其他,2227,🔥🔥
tsunako,tsunako,tsunako,tsunako (tsunako),画师/画风,其他,2206,🔥🔥
izumi tsubasu,izumi_tsubasu,izumi tsubasu,izumi tsubasu (izumi tsubasu),画师/画风,其他,2202,🔥🔥
kouno (masao),kouno_(masao),kouno (masao),kouno (masao) (kouno (masao)),画师/画风,其他,2197,🔥🔥
konoshige (ryuun),konoshige_(ryuun),konoshige (ryuun),konoshige (ryuun) (konoshige (ryuun)),画师/画风,其他,2194,🔥🔥
kanikama,kanikama,kanikama,kanikama (kanikama),画师/画风,其他,2181,🔥🔥
ebora,ebora,ebora,ebora (ebora),画师/画风,其他,2177,🔥🔥
rokugou daisuke,rokugou_daisuke,rokugou daisuke,rokugou daisuke (rokugou daisuke),画师/画风,其他,2172,🔥🔥
usashiro mani,usashiro_mani,usashiro mani,usashiro mani (usashiro mani),画师/画风,其他,2170,🔥🔥
gweda,gweda,gweda,gweda (gweda),画师/画风,其他,2164,🔥🔥
shino (ponjiyuusu),shino_(ponjiyuusu),shino (ponjiyuusu),shino (ponjiyuusu) (shino (ponjiyuusu)),画师/画风,其他,2158,🔥🔥
anti (untea9),anti_(untea9),anti (untea9),anti (untea9) (anti (untea9)),画师/画风,其他,2145,🔥🔥
ueyama michirou,ueyama_michirou,ueyama michirou,ueyama michirou (ueyama michirou),画师/画风,其他,2133,🔥🔥
belko,belko,belko,belko (belko),画师/画风,其他,2125,🔥🔥
youyume-kun,youyume-kun,youyume-kun,youyume-kun (youyume-kun),画师/画风,其他,2094,🔥🔥
gonzarez,gonzarez,gonzarez,gonzarez (gonzarez),画师/画风,其他,2082,🔥🔥
torotei,torotei,torotei,torotei (torotei),画师/画风,其他,2078,🔥🔥
ginhaha,ginhaha,ginhaha,ginhaha (ginhaha),画师/画风,其他,2076,🔥🔥
wa (genryusui),wa_(genryusui),wa (genryusui),wa (genryusui) (wa (genryusui)),画师/画风,其他,2066,🔥🔥
colorful palette,colorful_palette,彩色 palette,colorful palette (彩色 palette),画师/画风,其他,2063,🔥🔥
echo (circa),echo_(circa),echo (circa),echo (circa) (echo (circa)),画师/画风,其他,2043,🔥🔥
takeuchi takashi,takeuchi_takashi,takeuchi takashi,takeuchi takashi (takeuchi takashi),画师/画风,其他,2038,🔥🔥
toosaka asagi,toosaka_asagi,toosaka asagi,toosaka asagi (toosaka asagi),画师/画风,其他,2036,🔥🔥
kotomaru (kotokoto kottan),kotomaru_(kotokoto_kottan),kotomaru (kotokoto kottan),kotomaru (kotokoto kottan) (kotomaru (kotokoto kottan)),画师/画风,其他,2036,🔥🔥
null (nyanpyoun),null_(nyanpyoun),null (nyanpyoun),null (nyanpyoun) (null (nyanpyoun)),画师/画风,其他,2032,🔥🔥
yamamoto souichirou,yamamoto_souichirou,yamamoto souichirou,yamamoto souichirou (yamamoto souichirou),画师/画风,其他,2010,🔥🔥
nekotoufu,nekotoufu,nekotoufu,nekotoufu (nekotoufu),画师/画风,其他,2008,🔥🔥
sumiyao (amam),sumiyao_(amam),sumiyao (amam),sumiyao (amam) (sumiyao (amam)),画师/画风,其他,2007,🔥🔥
diva (hyxpk),diva_(hyxpk),diva (hyxpk),diva (hyxpk) (diva (hyxpk)),画师/画风,其他,2005,🔥🔥
agawa ryou,agawa_ryou,agawa ryou,agawa ryou (agawa ryou),画师/画风,其他,2004,🔥🔥
hinghoi,hinghoi,hinghoi,hinghoi (hinghoi),画师/画风,其他,1995,🔥🔥
tsuda nanafushi,tsuda_nanafushi,tsuda nanafushi,tsuda nanafushi (tsuda nanafushi),画师/画风,其他,1990,🔥🔥
miyo (ranthath),miyo_(ranthath),miyo (ranthath),miyo (ranthath) (miyo (ranthath)),画师/画风,服饰,1990,🔥🔥
taisa (kari),taisa_(kari),taisa (kari),taisa (kari) (taisa (kari)),画师/画风,其他,1985,🔥🔥
sayori (neko works),sayori_(neko_works),sayori (neko works),sayori (neko works) (sayori (neko works)),画师/画风,其他,1985,🔥🔥
onigirikun,onigirikun,onigirikun,onigirikun (onigirikun),画师/画风,其他,1975,🔥🔥
yuuhagi (amaretto-no-natsu),yuuhagi_(amaretto-no-natsu),yuuhagi (amaretto-no-natsu),yuuhagi (amaretto-no-natsu) (yuuhagi (amaretto-no-natsu)),画师/画风,其他,1957,🔥🔥
yuuji (and),yuuji_(and),yuuji (and),yuuji (and) (yuuji (and)),画师/画风,其他,1941,🔥🔥
hizaka,hizaka,hizaka,hizaka (hizaka),画师/画风,其他,1941,🔥🔥
fujima takuya,fujima_takuya,fujima takuya,fujima takuya (fujima takuya),画师/画风,其他,1928,🔥🔥
ayu (mog),ayu_(mog),ayu (mog),ayu (mog) (ayu (mog)),画师/画风,其他,1927,🔥🔥
chigusa minori,chigusa_minori,chigusa minori,chigusa minori (chigusa minori),画师/画风,其他,1926,🔥🔥
haruhisky,haruhisky,haruhisky,haruhisky (haruhisky),画师/画风,场景,1913,🔥🔥
tomose shunsaku,tomose_shunsaku,tomose shunsaku,tomose shunsaku (tomose shunsaku),画师/画风,其他,1912,🔥🔥
mattaku mousuke,mattaku_mousuke,mattaku mousuke,mattaku mousuke (mattaku mousuke),画师/画风,其他,1904,🔥🔥
saiguchi otoufu,saiguchi_otoufu,saiguchi otoufu,saiguchi otoufu (saiguchi otoufu),画师/画风,其他,1902,🔥🔥
clearite,clearite,clearite,clearite (clearite),画师/画风,角色特征,1893,🔥🔥
fumihiko (fu mihi ko),fumihiko_(fu_mihi_ko),fumihiko (fu mihi ko),fumihiko (fu mihi ko) (fumihiko (fu mihi ko)),画师/画风,其他,1887,🔥🔥
kaamin (mariarose753),kaamin_(mariarose753),kaamin (mariarose753),kaamin (mariarose753) (kaamin (mariarose753)),画师/画风,其他,1873,🔥🔥
piyodera mucha,piyodera_mucha,piyodera mucha,piyodera mucha (piyodera mucha),画师/画风,其他,1869,🔥🔥
beni shake,beni_shake,beni shake,beni shake (beni shake),画师/画风,其他,1851,🔥🔥
kitsunerider,kitsunerider,kitsunerider,kitsunerider (kitsunerider),画师/画风,其他,1850,🔥🔥
takiki,takiki,takiki,takiki (takiki),画师/画风,其他,1849,🔥🔥
kashikaze,kashikaze,kashikaze,kashikaze (kashikaze),画师/画风,其他,1849,🔥🔥
enkyo yuuichirou,enkyo_yuuichirou,enkyo yuuichirou,enkyo yuuichirou (enkyo yuuichirou),画师/画风,其他,1839,🔥🔥
yd (orange maru),yd_(orange_maru),yd (orange maru),yd (orange maru) (yd (orange maru)),画师/画风,其他,1834,🔥🔥
menma (enaic31),menma_(enaic31),menma (enaic31),menma (enaic31) (menma (enaic31)),画师/画风,其他,1832,🔥🔥
lolita channel,lolita_channel,lolita channel,lolita channel (lolita channel),画师/画风,其他,1831,🔥🔥
zen (kamuro),zen_(kamuro),zen (kamuro),zen (kamuro) (zen (kamuro)),画师/画风,其他,1831,🔥🔥
mochi au lait,mochi_au_lait,mochi au lait,mochi au lait (mochi au lait),画师/画风,其他,1823,🔥🔥
huke,huke,huke,huke (huke),画师/画风,其他,1813,🔥🔥
afrobull,afrobull,afrobull,afrobull (afrobull),画师/画风,其他,1805,🔥🔥
ichikawa feesu,ichikawa_feesu,ichikawa feesu,ichikawa feesu (ichikawa feesu),画师/画风,其他,1793,🔥🔥
mizuki makoto,mizuki_makoto,mizuki makoto,mizuki makoto (mizuki makoto),画师/画风,其他,1776,🔥🔥
rotte (1109),rotte_(1109),rotte (1109),rotte (1109) (rotte (1109)),画师/画风,其他,1763,🔥🔥
imu sanjo,imu_sanjo,imu sanjo,imu sanjo (imu sanjo),画师/画风,其他,1750,🔥🔥
minami (colorful palette),minami_(colorful_palette),minami (colorful palette),minami (colorful palette) (minami (colorful palette)),画师/画风,其他,1738,🔥🔥
nikorashi-ka,nikorashi-ka,nikorashi-ka,nikorashi-ka (nikorashi-ka),画师/画风,其他,1735,🔥🔥
koruri,koruri,koruri,koruri (koruri),画师/画风,其他,1728,🔥🔥
dokomon,dokomon,dokomon,dokomon (dokomon),画师/画风,其他,1725,🔥🔥
kanduki kamibukuro,kanduki_kamibukuro,kanduki kamibukuro,kanduki kamibukuro (kanduki kamibukuro),画师/画风,其他,1723,🔥🔥
merunyaa,merunyaa,merunyaa,merunyaa (merunyaa),画师/画风,其他,1710,🔥🔥
personal ami,personal_ami,personal ami,personal ami (personal ami),画师/画风,其他,1709,🔥🔥
kurukurumagical,kurukurumagical,kurukurumagical,kurukurumagical (kurukurumagical),画师/画风,其他,1706,🔥🔥
goma (gomasamune),goma_(gomasamune),goma (gomasamune),goma (gomasamune) (goma (gomasamune)),画师/画风,其他,1697,🔥🔥
tukiwani,tukiwani,tukiwani,tukiwani (tukiwani),画师/画风,其他,1696,🔥🔥
kamille (vcx68),kamille_(vcx68),kamille (vcx68),kamille (vcx68) (kamille (vcx68)),画师/画风,其他,1694,🔥🔥
yuichirou,yuichirou,yuichirou,yuichirou (yuichirou),画师/画风,其他,1685,🔥🔥
ishikei,ishikei,ishikei,ishikei (ishikei),画师/画风,其他,1684,🔥🔥
shiromanta,shiromanta,shiromanta,shiromanta (shiromanta),画师/画风,其他,1668,🔥🔥
aaaa (quad-a),aaaa_(quad-a),aaaa (quad-a),aaaa (quad-a) (aaaa (quad-a)),画师/画风,其他,1665,🔥🔥
agahari,agahari,agahari,agahari (agahari),画师/画风,其他,1655,🔥🔥
ohisashiburi,ohisashiburi,ohisashiburi,ohisashiburi (ohisashiburi),画师/画风,其他,1654,🔥🔥
rappa (rappaya),rappa_(rappaya),rappa (rappaya),rappa (rappaya) (rappa (rappaya)),画师/画风,其他,1654,🔥🔥
oouso,oouso,oouso,oouso (oouso),画师/画风,其他,1650,🔥🔥
shirosato,shirosato,shirosato,shirosato (shirosato),画师/画风,其他,1649,🔥🔥
kasumi (skchkko),kasumi_(skchkko),kasumi (skchkko),kasumi (skchkko) (kasumi (skchkko)),画师/画风,其他,1646,🔥🔥
yuureidoushi (yuurei6214),yuureidoushi_(yuurei6214),yuureidoushi (yuurei6214),yuureidoushi (yuurei6214) (yuureidoushi (yuurei6214)),画师/画风,其他,1646,🔥🔥
wanta (futoshi),wanta_(futoshi),wanta (futoshi),wanta (futoshi) (wanta (futoshi)),画师/画风,其他,1645,🔥🔥
matsuryuu,matsuryuu,matsuryuu,matsuryuu (matsuryuu),画师/画风,其他,1644,🔥🔥
dishwasher1910,dishwasher1910,dishwasher1910,dishwasher1910 (dishwasher1910),画师/画风,其他,1640,🔥🔥
ini (inunabe00),ini_(inunabe00),ini (inunabe00),ini (inunabe00) (ini (inunabe00)),画师/画风,其他,1640,🔥🔥
kaigen 1025,kaigen_1025,kaigen 1025,kaigen 1025 (kaigen 1025),画师/画风,其他,1637,🔥🔥
creayus,creayus,creayus,creayus (creayus),画师/画风,其他,1631,🔥🔥
jako (jakoo21),jako_(jakoo21),jako (jakoo21),jako (jakoo21) (jako (jakoo21)),画师/画风,其他,1629,🔥🔥
buzzlyears,buzzlyears,buzzlyears,buzzlyears (buzzlyears),画师/画风,角色特征,1623,🔥🔥
mauve,mauve,mauve,mauve (mauve),画师/画风,其他,1620,🔥🔥
fuuzasa,fuuzasa,fuuzasa,fuuzasa (fuuzasa),画师/画风,其他,1618,🔥🔥
pokemoa,pokemoa,pokemoa,pokemoa (pokemoa),画师/画风,其他,1613,🔥🔥
murakami suigun,murakami_suigun,murakami suigun,murakami suigun (murakami suigun),画师/画风,其他,1610,🔥🔥
heripantomorrow,heripantomorrow,heripantomorrow,heripantomorrow (heripantomorrow),画师/画风,其他,1607,🔥🔥
daram (shappydude),daram_(shappydude),daram (shappydude),daram (shappydude) (daram (shappydude)),画师/画风,表情,1606,🔥🔥
mk (mod0),mk_(mod0),mk (mod0),mk (mod0) (mk (mod0)),画师/画风,其他,1606,🔥🔥
shimada fumikane,shimada_fumikane,shimada fumikane,shimada fumikane (shimada fumikane),画师/画风,其他,1605,🔥🔥
niliu chahui,niliu_chahui,niliu chahui,niliu chahui (niliu chahui),画师/画风,其他,1600,🔥🔥
horideiyasumi,horideiyasumi,horideiyasumi,horideiyasumi (horideiyasumi),画师/画风,其他,1600,🔥🔥
ilya kuvshinov,ilya_kuvshinov,ilya kuvshinov,ilya kuvshinov (ilya kuvshinov),画师/画风,其他,1598,🔥🔥
asanagi,asanagi,asanagi,asanagi (asanagi),画师/画风,其他,1598,🔥🔥
ikeuchi tanuma,ikeuchi_tanuma,ikeuchi tanuma,ikeuchi tanuma (ikeuchi tanuma),画师/画风,其他,1597,🔥🔥
shimazaki mujirushi,shimazaki_mujirushi,shimazaki mujirushi,shimazaki mujirushi (shimazaki mujirushi),画师/画风,其他,1596,🔥🔥
yunamaro,yunamaro,yunamaro,yunamaro (yunamaro),画师/画风,其他,1594,🔥🔥
sorimachi-doufu,sorimachi-doufu,sorimachi-doufu,sorimachi-doufu (sorimachi-doufu),画师/画风,其他,1592,🔥🔥
mery (yangmalgage),mery_(yangmalgage),mery (yangmalgage),mery (yangmalgage) (mery (yangmalgage)),画师/画风,其他,1590,🔥🔥
fusu (a95101221),fusu_(a95101221),fusu (a95101221),fusu (a95101221) (fusu (a95101221)),画师/画风,其他,1589,🔥🔥
chanta (ayatakaoisii),chanta_(ayatakaoisii),chanta (ayatakaoisii),chanta (ayatakaoisii) (chanta (ayatakaoisii)),画师/画风,其他,1584,🔥🔥
kankan33333,kankan33333,kankan33333,kankan33333 (kankan33333),画师/画风,其他,1583,🔥🔥
ebi 193,ebi_193,ebi 193,ebi 193 (ebi 193),画师/画风,其他,1577,🔥🔥
kinkymation,kinkymation,kinkymation,kinkymation (kinkymation),画师/画风,其他,1576,🔥🔥
gurande (g-size),gurande_(g-size),gurande (g-size),gurande (g-size) (gurande (g-size)),画师/画风,其他,1574,🔥🔥
karukan (monjya),karukan_(monjya),karukan (monjya),karukan (monjya) (karukan (monjya)),画师/画风,其他,1574,🔥🔥
e.o.,e.o.,e.o.,e.o. (e.o.),画师/画风,其他,1571,🔥🔥
eromame,eromame,eromame,eromame (eromame),画师/画风,其他,1571,🔥🔥
yukito (dreamrider),yukito_(dreamrider),yukito (dreamrider),yukito (dreamrider) (yukito (dreamrider)),画师/画风,其他,1570,🔥🔥
k-suwabe,k-suwabe,k-suwabe,k-suwabe (k-suwabe),画师/画风,其他,1566,🔥🔥
ha akabouzu,ha_akabouzu,ha akabouzu,ha akabouzu (ha akabouzu),画师/画风,其他,1561,🔥🔥
kujou karasuma,kujou_karasuma,kujou karasuma,kujou karasuma (kujou karasuma),画师/画风,其他,1560,🔥🔥
cle masahiro,cle_masahiro,cle masahiro,cle masahiro (cle masahiro),画师/画风,其他,1556,🔥🔥
chikuwa.,chikuwa.,chikuwa.,chikuwa. (chikuwa.),画师/画风,其他,1556,🔥🔥
butcha-u,butcha-u,butcha-u,butcha-u (butcha-u),画师/画风,其他,1555,🔥🔥
phantom ix row,phantom_ix_row,phantom ix row,phantom ix row (phantom ix row),画师/画风,其他,1554,🔥🔥
samneco,samneco,samneco,samneco (samneco),画师/画风,其他,1547,🔥🔥
a re,a_re,a re,a re (a re),画师/画风,其他,1540,🔥🔥
lets0020,lets0020,lets0020,lets0020 (lets0020),画师/画风,其他,1536,🔥🔥
as109,as109,as109,as109 (as109),画师/画风,其他,1535,🔥🔥
kanade (kanade 3344),kanade_(kanade_3344),kanade (kanade 3344),kanade (kanade 3344) (kanade (kanade 3344)),画师/画风,其他,1531,🔥🔥
sheya,sheya,sheya,sheya (sheya),画师/画风,其他,1526,🔥🔥
b-ginga,b-ginga,b-ginga,b-ginga (b-ginga),画师/画风,其他,1524,🔥🔥
bubukka,bubukka,bubukka,bubukka (bubukka),画师/画风,其他,1523,🔥🔥
aldehyde,aldehyde,aldehyde,aldehyde (aldehyde),画师/画风,其他,1523,🔥🔥
katahira masashi,katahira_masashi,katahira masashi,katahira masashi (katahira masashi),画师/画风,其他,1516,🔥🔥
asutora,asutora,asutora,asutora (asutora),画师/画风,其他,1514,🔥🔥
kame (kamepan44231),kame_(kamepan44231),kame (kamepan44231),kame (kamepan44231) (kame (kamepan44231)),画师/画风,其他,1513,🔥🔥
satou kuuki,satou_kuuki,satou kuuki,satou kuuki (satou kuuki),画师/画风,其他,1512,🔥🔥
kawamochi (kawauti919),kawamochi_(kawauti919),kawamochi (kawauti919),kawamochi (kawauti919) (kawamochi (kawauti919)),画师/画风,其他,1512,🔥🔥
xinzoruo,xinzoruo,xinzoruo,xinzoruo (xinzoruo),画师/画风,其他,1510,🔥🔥
ogami kazuki,ogami_kazuki,ogami kazuki,ogami kazuki (ogami kazuki),画师/画风,其他,1509,🔥🔥
cutesexyrobutts,cutesexyrobutts,cutesexyrobutts,cutesexyrobutts (cutesexyrobutts),画师/画风,其他,1499,🔥🔥
kawashina (momen silicon),kawashina_(momen_silicon),kawashina (momen silicon),kawashina (momen silicon) (kawashina (momen silicon)),画师/画风,其他,1497,🔥🔥
fumio (rsqkr),fumio_(rsqkr),fumio (rsqkr),fumio (rsqkr) (fumio (rsqkr)),画师/画风,其他,1497,🔥🔥
tonda,tonda,tonda,tonda (tonda),画师/画风,其他,1488,🔥🔥
ito noizi,ito_noizi,ito noizi,ito noizi (ito noizi),画师/画风,其他,1484,🔥🔥
waero,waero,waero,waero (waero),画师/画风,其他,1480,🔥🔥
mikage takashi,mikage_takashi,mikage takashi,mikage takashi (mikage takashi),画师/画风,其他,1471,🔥🔥
kuromiya,kuromiya,kuromiya,kuromiya (kuromiya),画师/画风,其他,1470,🔥🔥
mizuhara aki,mizuhara_aki,mizuhara aki,mizuhara aki (mizuhara aki),画师/画风,其他,1468,🔥🔥
piromizu,piromizu,piromizu,piromizu (piromizu),画师/画风,其他,1468,🔥🔥
ajitarou (setsu),ajitarou_(setsu),ajitarou (setsu),ajitarou (setsu) (ajitarou (setsu)),画师/画风,其他,1466,🔥🔥
mishima kurone,mishima_kurone,mishima kurone,mishima kurone (mishima kurone),画师/画风,其他,1466,🔥🔥
mitya,mitya,mitya,mitya (mitya),画师/画风,其他,1463,🔥🔥
seraziel,seraziel,seraziel,seraziel (seraziel),画师/画风,其他,1460,🔥🔥
meito (maze),meito_(maze),meito (maze),meito (maze) (meito (maze)),画师/画风,其他,1445,🔥🔥
otokuyou,otokuyou,otokuyou,otokuyou (otokuyou),画师/画风,其他,1444,🔥🔥
mikozin,mikozin,mikozin,mikozin (mikozin),画师/画风,其他,1444,🔥🔥
mizumoto tadashi,mizumoto_tadashi,mizumoto tadashi,mizumoto tadashi (mizumoto tadashi),画师/画风,其他,1444,🔥🔥
moisture (chichi),moisture_(chichi),moisture (chichi),moisture (chichi) (moisture (chichi)),画师/画风,其他,1443,🔥🔥
jjune,jjune,jjune,jjune (jjune),画师/画风,其他,1442,🔥🔥
hori (hori no su),hori_(hori_no_su),hori (hori no su),hori (hori no su) (hori (hori no su)),画师/画风,其他,1439,🔥🔥
nori tamago,nori_tamago,nori tamago,nori tamago (nori tamago),画师/画风,其他,1435,🔥🔥
tonee,tonee,tonee,tonee (tonee),画师/画风,其他,1434,🔥🔥
kilye kairi,kilye_kairi,kilye kairi,kilye kairi (kilye kairi),画师/画风,其他,1429,🔥🔥
sekina,sekina,sekina,sekina (sekina),画师/画风,其他,1426,🔥🔥
suzuhira hiro,suzuhira_hiro,suzuhira hiro,suzuhira hiro (suzuhira hiro),画师/画风,其他,1423,🔥🔥
oryo (oryo04),oryo_(oryo04),oryo (oryo04),oryo (oryo04) (oryo (oryo04)),画师/画风,其他,1421,🔥🔥
kuavera,kuavera,kuavera,kuavera (kuavera),画师/画风,其他,1421,🔥🔥
maru (marg0613),maru_(marg0613),maru (marg0613),maru (marg0613) (maru (marg0613)),画师/画风,其他,1420,🔥🔥
horn/wood,horn/wood,horn/wood,horn/wood (horn/wood),画师/画风,角色特征,1419,🔥🔥
izawa (bhive003),izawa_(bhive003),izawa (bhive003),izawa (bhive003) (izawa (bhive003)),画师/画风,其他,1419,🔥🔥
watanabe akio,watanabe_akio,watanabe akio,watanabe akio (watanabe akio),画师/画风,其他,1417,🔥🔥
sakura oriko,sakura_oriko,sakura oriko,sakura oriko (sakura oriko),画师/画风,其他,1417,🔥🔥
dr rex,dr_rex,dr rex,dr rex (dr rex),画师/画风,其他,1416,🔥🔥
homare (fool's art),homare_(fool's_art),homare (fool's art),homare (fool's art) (homare (fool's art)),画师/画风,画风,1416,🔥🔥
tk8d32,tk8d32,tk8d32,tk8d32 (tk8d32),画师/画风,其他,1413,🔥🔥
momoko (momopoco),momoko_(momopoco),momoko (momopoco),momoko (momopoco) (momoko (momopoco)),画师/画风,其他,1408,🔥🔥
dikko,dikko,dikko,dikko (dikko),画师/画风,其他,1407,🔥🔥
ootsuki wataru,ootsuki_wataru,ootsuki wataru,ootsuki wataru (ootsuki wataru),画师/画风,其他,1406,🔥🔥
sky-freedom,sky-freedom,sky-freedom,sky-freedom (sky-freedom),画师/画风,场景,1406,🔥🔥
cato (monocatienus),cato_(monocatienus),cato (monocatienus),cato (monocatienus) (cato (monocatienus)),画师/画风,其他,1406,🔥🔥
yopparai oni,yopparai_oni,yopparai oni,yopparai oni (yopparai oni),画师/画风,其他,1405,🔥🔥
isshiki (ffmania7),isshiki_(ffmania7),isshiki (ffmania7),isshiki (ffmania7) (isshiki (ffmania7)),画师/画风,其他,1404,🔥🔥
swd3e2,swd3e2,swd3e2,swd3e2 (swd3e2),画师/画风,其他,1403,🔥🔥
jmg,jmg,jmg,jmg (jmg),画师/画风,其他,1401,🔥🔥
yukitake (bullfalk),yukitake_(bullfalk),yukitake (bullfalk),yukitake (bullfalk) (yukitake (bullfalk)),画师/画风,其他,1401,🔥🔥
yoshi tama,yoshi_tama,yoshi tama,yoshi tama (yoshi tama),画师/画风,其他,1400,🔥🔥
himura kiseki,himura_kiseki,himura kiseki,himura kiseki (himura kiseki),画师/画风,其他,1394,🔥🔥
jokanhiyou,jokanhiyou,jokanhiyou,jokanhiyou (jokanhiyou),画师/画风,其他,1393,🔥🔥
gibagiba,gibagiba,gibagiba,gibagiba (gibagiba),画师/画风,物品,1392,🔥🔥
kanzakietc,kanzakietc,kanzakietc,kanzakietc (kanzakietc),画师/画风,其他,1391,🔥🔥
yomu (sgt epper),yomu_(sgt_epper),yomu (sgt epper),yomu (sgt epper) (yomu (sgt epper)),画师/画风,其他,1386,🔥🔥
asamura hiori,asamura_hiori,asamura hiori,asamura hiori (asamura hiori),画师/画风,其他,1385,🔥🔥
niwatazumi,niwatazumi,niwatazumi,niwatazumi (niwatazumi),画师/画风,其他,1385,🔥🔥
tf cafe,tf_cafe,tf 咖啡馆,tf cafe (tf 咖啡馆),画师/画风,其他,1384,🔥🔥
yanyo (ogino atsuki),yanyo_(ogino_atsuki),yanyo (ogino atsuki),yanyo (ogino atsuki) (yanyo (ogino atsuki)),画师/画风,其他,1382,🔥🔥
fujigaya arctia,fujigaya_arctia,fujigaya arctia,fujigaya arctia (fujigaya arctia),画师/画风,其他,1377,🔥🔥
asteroid ill,asteroid_ill,asteroid ill,asteroid ill (asteroid ill),画师/画风,其他,1374,🔥🔥
satou kibi,satou_kibi,satou kibi,satou kibi (satou kibi),画师/画风,其他,1374,🔥🔥
optionaltypo,optionaltypo,optionaltypo,optionaltypo (optionaltypo),画师/画风,其他,1373,🔥🔥
furaggu (frag 0416),furaggu_(frag_0416),furaggu (frag 0416),furaggu (frag 0416) (furaggu (frag 0416)),画师/画风,其他,1369,🔥🔥
waterring,waterring,waterring,waterring (waterring),画师/画风,其他,1367,🔥🔥
engiyoshi,engiyoshi,engiyoshi,engiyoshi (engiyoshi),画师/画风,其他,1364,🔥🔥
kase daiki,kase_daiki,kase daiki,kase daiki (kase daiki),画师/画风,其他,1363,🔥🔥
ririko (zhuoyandesailaer),ririko_(zhuoyandesailaer),ririko (zhuoyandesailaer),ririko (zhuoyandesailaer) (ririko (zhuoyandesailaer)),画师/画风,其他,1363,🔥🔥
akairiot,akairiot,akairiot,akairiot (akairiot),画师/画风,其他,1362,🔥🔥
akitsuki karasu,akitsuki_karasu,akitsuki karasu,akitsuki karasu (akitsuki karasu),画师/画风,其他,1361,🔥🔥
kukie-nyan,kukie-nyan,kukie-nyan,kukie-nyan (kukie-nyan),画师/画风,其他,1360,🔥🔥
kawaanago,kawaanago,kawaanago,kawaanago (kawaanago),画师/画风,其他,1359,🔥🔥
imizu (nitro unknown),imizu_(nitro_unknown),imizu (nitro unknown),imizu (nitro unknown) (imizu (nitro unknown)),画师/画风,其他,1358,🔥🔥
dandon fuga,dandon_fuga,dandon fuga,dandon fuga (dandon fuga),画师/画风,其他,1355,🔥🔥
cougar (cougar1404),cougar_(cougar1404),cougar (cougar1404),cougar (cougar1404) (cougar (cougar1404)),画师/画风,其他,1354,🔥🔥
nishi koutarou,nishi_koutarou,nishi koutarou,nishi koutarou (nishi koutarou),画师/画风,其他,1353,🔥🔥
makuwauri,makuwauri,makuwauri,makuwauri (makuwauri),画师/画风,其他,1352,🔥🔥
kamitsurugi ouka,kamitsurugi_ouka,kamitsurugi ouka,kamitsurugi ouka (kamitsurugi ouka),画师/画风,其他,1346,🔥🔥
